origin,destination,pax,avg_revenue,inbound_ident,outbound_ident,inbound_arr,outbound_dep,cnx_time_min,indicator,revenue_captured
DAC,JFK,5077.0,532.0,UAE585,UAE201,2026-07-12T01:30:00+00:00,2026-07-12T04:00:00+00:00,150.0,0.825,2228295.3
AMS,BKK,4574.0,200.0,UAE150,UAE370,2026-07-10T03:00:00+00:00,2026-07-10T05:00:00+00:00,120.0,1.0,914800.0
JFK,DAC,4278.0,200.0,UAE204,UAE586,2026-07-07T04:30:00+00:00,2026-07-07T06:30:00+00:00,120.0,1.0,855600.0
DUS,CMB,4256.0,200.0,UAE56,UAE650,2026-07-07T20:30:00+00:00,2026-07-07T22:30:00+00:00,120.0,1.0,851200.0
DME,MLE,4044.0,200.0,UAE134,UAE656,2026-07-12T20:45:00+00:00,2026-07-12T22:40:00+00:00,115.0,0.9167,741400.0
MAN,ISB,3551.0,200.0,UAE18,UAE612,2026-07-06T20:25:00+00:00,2026-07-06T22:25:00+00:00,120.0,1.0,710200.0
DFW,HYD,3542.0,200.0,UAE222,UAE528,2026-07-07T09:00:00+00:00,2026-07-07T11:00:00+00:00,120.0,1.0,708400.0
HYD,DFW,3487.0,200.0,UAE529,UAE221,2026-07-06T20:10:00+00:00,2026-07-06T22:10:00+00:00,120.0,1.0,697400.0
AMS,DPS,3483.0,200.0,UAE148,UAE368,2026-07-12T20:10:00+00:00,2026-07-12T22:10:00+00:00,120.0,1.0,696600.0
MLE,DME,3461.0,200.0,UAE657,UAE131,2026-07-06T08:15:00+00:00,2026-07-06T10:15:00+00:00,120.0,1.0,692200.0
HYD,IAD,2866.0,200.0,UAE529,UAE231,2026-07-12T20:15:00+00:00,2026-07-12T22:15:00+00:00,120.0,1.0,573200.0
BHX,ISB,2850.0,200.0,UAE40,UAE612,2026-07-09T21:20:00+00:00,2026-07-09T23:20:00+00:00,120.0,1.0,570000.0
LHR,KUL,2747.0,200.0,UAE8,UAE344,2026-07-10T15:15:00+00:00,2026-07-10T17:15:00+00:00,120.0,1.0,549400.0
ISB,MAN,2720.0,200.0,UAE615,UAE17,2026-07-07T01:25:00+00:00,2026-07-07T03:25:00+00:00,120.0,1.0,544000.0
DPS,AMS,2659.0,200.0,UAE399,UAE147,2026-07-08T01:30:00+00:00,2026-07-08T03:35:00+00:00,125.0,0.9708,516289.17
DUS,DPS,2553.0,200.0,UAE56,UAE368,2026-07-12T20:10:00+00:00,2026-07-12T22:10:00+00:00,120.0,1.0,510600.0
CDG,DPS,2517.0,200.0,UAE74,UAE368,2026-07-09T21:05:00+00:00,2026-07-09T23:05:00+00:00,120.0,1.0,503400.0
ATH,MEL,2479.0,200.0,UAE210,UAE408,2026-07-12T19:40:00+00:00,2026-07-12T21:40:00+00:00,120.0,1.0,495800.0
LHR,CMB,2459.0,200.0,UAE2,UAE650,2026-07-07T20:30:00+00:00,2026-07-07T22:30:00+00:00,120.0,1.0,491800.0
MAN,HKG,2389.0,200.0,UAE18,UAE382,2026-07-12T20:20:00+00:00,2026-07-12T22:20:00+00:00,120.0,1.0,477800.0
KUL,LHR,2671.0,200.0,UAE345,UAE5,2026-07-08T09:10:00+00:00,2026-07-08T11:30:00+00:00,140.0,0.8833,471876.67
PRG,HAN,2300.0,200.0,UAE140,UAE394,2026-07-11T20:30:00+00:00,2026-07-11T22:30:00+00:00,120.0,1.0,460000.0
KHI,YYZ,530.0,867.0,UAE603,UAE241,2026-07-08T21:05:00+00:00,2026-07-08T23:05:00+00:00,120.0,1.0,459510.0
MAD,BKK,2315.0,200.0,UAE142,UAE384,2026-07-12T20:40:00+00:00,2026-07-12T22:45:00+00:00,125.0,0.9708,449495.83
JFK,HYD,2226.0,200.0,UAE202,UAE524,2026-07-09T16:05:00+00:00,2026-07-09T18:05:00+00:00,120.0,1.0,445200.0
MAA,SFO,2216.0,200.0,UAE543,UAE225,2026-07-10T02:40:00+00:00,2026-07-10T04:40:00+00:00,120.0,1.0,443200.0
LHR,BNE,2214.0,200.0,UAE6,UAE434,2026-07-07T04:35:00+00:00,2026-07-07T06:35:00+00:00,120.0,1.0,442800.0
DUS,BKK,2475.0,200.0,UAE56,UAE384,2026-07-07T20:30:00+00:00,2026-07-07T22:50:00+00:00,140.0,0.8833,437250.0
LHR,SIN,2179.0,200.0,UAE2,UAE348,2026-07-10T20:20:00+00:00,2026-07-10T22:20:00+00:00,120.0,1.0,435800.0
ATH,SYD,2175.0,200.0,UAE210,UAE414,2026-07-10T19:35:00+00:00,2026-07-10T21:35:00+00:00,120.0,1.0,435000.0
MAN,KUL,2369.0,200.0,UAE18,UAE346,2026-07-09T20:50:00+00:00,2026-07-09T22:45:00+00:00,115.0,0.9167,434316.67
BLR,SFO,2366.0,200.0,UAE569,UAE225,2026-07-12T03:15:00+00:00,2026-07-12T05:10:00+00:00,115.0,0.9167,433766.67
SYD,ATH,2135.0,200.0,UAE415,UAE103,2026-07-10T09:50:00+00:00,2026-07-10T11:50:00+00:00,120.0,1.0,427000.0
FCO,MEL,2131.0,200.0,UAE98,UAE408,2026-07-09T20:45:00+00:00,2026-07-09T22:45:00+00:00,120.0,1.0,426200.0
MEL,LHR,2123.0,200.0,UAE407,UAE1,2026-07-11T01:15:00+00:00,2026-07-11T03:15:00+00:00,120.0,1.0,424600.0
HAN,PRG,2107.0,200.0,UAE395,UAE139,2026-07-07T01:35:00+00:00,2026-07-07T03:35:00+00:00,120.0,1.0,421400.0
SYD,LHR,2095.0,200.0,UAE413,UAE1,2026-07-11T01:15:00+00:00,2026-07-11T03:15:00+00:00,120.0,1.0,419000.0
LHR,MEL,2149.0,200.0,UAE2,UAE408,2026-07-06T20:35:00+00:00,2026-07-06T22:40:00+00:00,125.0,0.9708,417264.17
BHX,HKG,2060.0,200.0,UAE40,UAE382,2026-07-10T21:10:00+00:00,2026-07-10T23:10:00+00:00,120.0,1.0,412000.0
CDG,BKK,2037.0,200.0,UAE72,UAE374,2026-07-08T16:20:00+00:00,2026-07-08T18:20:00+00:00,120.0,1.0,407400.0
COK,DUB,2000.0,200.0,UAE531,UAE163,2026-07-08T08:55:00+00:00,2026-07-08T10:55:00+00:00,120.0,1.0,400000.0
ISB,BHX,1996.0,200.0,UAE615,UAE39,2026-07-07T01:25:00+00:00,2026-07-07T03:25:00+00:00,120.0,1.0,399200.0
HYD,JFK,2055.0,200.0,UAE529,UAE203,2026-07-08T20:15:00+00:00,2026-07-08T22:20:00+00:00,125.0,0.9708,399012.5
ADL,LHR,459.0,867.07,UAE441,UAE1,2026-07-07T01:40:00+00:00,2026-07-07T03:40:00+00:00,120.0,1.0,397986.08
MAN,BKK,1988.0,200.0,UAE20,UAE372,2026-07-11T03:40:00+00:00,2026-07-11T05:40:00+00:00,120.0,1.0,397600.0
AMS,CGK,1959.0,200.0,UAE148,UAE356,2026-07-09T21:05:00+00:00,2026-07-09T23:05:00+00:00,120.0,1.0,391800.0
LHR,HKG,1940.0,200.0,UAE6,UAE380,2026-07-08T04:25:00+00:00,2026-07-08T06:25:00+00:00,120.0,1.0,388000.0
CDG,MAA,1933.0,200.0,UAE74,UAE544,2026-07-06T20:30:00+00:00,2026-07-06T22:30:00+00:00,120.0,1.0,386600.0
LGW,CMB,1933.0,200.0,UAE16,UAE650,2026-07-12T20:45:00+00:00,2026-07-12T22:45:00+00:00,120.0,1.0,386600.0
LHR,BKK,1922.0,200.0,UAE4,UAE370,2026-07-12T03:00:00+00:00,2026-07-12T05:00:00+00:00,120.0,1.0,384400.0
KUL,MAN,1903.0,200.0,UAE345,UAE19,2026-07-07T08:50:00+00:00,2026-07-07T10:50:00+00:00,120.0,1.0,380600.0
LHR,SYD,1883.0,200.0,UAE8,UAE416,2026-07-09T15:40:00+00:00,2026-07-09T17:40:00+00:00,120.0,1.0,376600.0
FRA,DPS,1850.0,200.0,UAE48,UAE398,2026-07-12T03:10:00+00:00,2026-07-12T05:10:00+00:00,120.0,1.0,370000.0
LGW,COK,1840.0,200.0,UAE16,UAE530,2026-07-09T21:20:00+00:00,2026-07-09T23:20:00+00:00,120.0,1.0,368000.0
SIN,LHR,1831.0,200.0,UAE315,UAE5,2026-07-07T09:45:00+00:00,2026-07-07T11:45:00+00:00,120.0,1.0,366200.0
HAM,BKK,1828.0,200.0,UAE60,UAE384,2026-07-09T20:45:00+00:00,2026-07-09T22:45:00+00:00,120.0,1.0,365600.0
MAA,JFK,1938.0,200.0,UAE547,UAE203,2026-07-07T20:40:00+00:00,2026-07-07T22:50:00+00:00,130.0,0.9417,364990.0
MXP,CMB,1822.0,200.0,UAE206,UAE650,2026-07-06T19:40:00+00:00,2026-07-06T21:40:00+00:00,120.0,1.0,364400.0
SFO,BLR,1798.0,200.0,UAE226,UAE568,2026-07-07T15:20:00+00:00,2026-07-07T17:20:00+00:00,120.0,1.0,359600.0
ZRH,CMB,1797.0,200.0,UAE88,UAE650,2026-07-12T20:45:00+00:00,2026-07-12T22:45:00+00:00,120.0,1.0,359400.0
AMS,CMB,1783.0,200.0,UAE148,UAE650,2026-07-11T20:30:00+00:00,2026-07-11T22:30:00+00:00,120.0,1.0,356600.0
SIN,LGW,1750.0,200.0,UAE315,UAE9,2026-07-06T09:00:00+00:00,2026-07-06T11:00:00+00:00,120.0,1.0,350000.0
FCO,SYD,1743.0,200.0,UAE98,UAE414,2026-07-08T19:55:00+00:00,2026-07-08T21:55:00+00:00,120.0,1.0,348600.0
JFK,MAA,1726.0,200.0,UAE202,UAE542,2026-07-12T15:55:00+00:00,2026-07-12T17:55:00+00:00,120.0,1.0,345200.0
SFO,HYD,1721.0,200.0,UAE226,UAE524,2026-07-06T15:50:00+00:00,2026-07-06T17:50:00+00:00,120.0,1.0,344200.0
SFO,BOM,1704.0,200.0,UAE226,UAE500,2026-07-09T16:20:00+00:00,2026-07-09T18:20:00+00:00,120.0,1.0,340800.0
LGW,SIN,1663.0,200.0,UAE10,UAE352,2026-07-11T03:55:00+00:00,2026-07-11T05:55:00+00:00,120.0,1.0,332600.0
VIE,MLE,1663.0,200.0,UAE128,UAE656,2026-07-09T20:30:00+00:00,2026-07-09T22:30:00+00:00,120.0,1.0,332600.0
FRA,MLE,1658.0,200.0,UAE46,UAE656,2026-07-09T20:30:00+00:00,2026-07-09T22:30:00+00:00,120.0,1.0,331600.0
AKL,GLA,246.0,1347.86,UAE449,UAE27,2026-07-12T01:20:00+00:00,2026-07-12T03:20:00+00:00,120.0,1.0,331573.89
BLR,DFW,1655.0,200.0,UAE567,UAE221,2026-07-08T20:10:00+00:00,2026-07-08T22:10:00+00:00,120.0,1.0,331000.0
SYD,DUB,1654.0,200.0,UAE413,UAE161,2026-07-10T01:15:00+00:00,2026-07-10T03:15:00+00:00,120.0,1.0,330800.0
DUB,SYD,1650.0,200.0,UAE164,UAE412,2026-07-12T04:10:00+00:00,2026-07-12T06:10:00+00:00,120.0,1.0,330000.0
JFK,BOM,1793.0,200.0,UAE202,UAE500,2026-07-11T16:10:00+00:00,2026-07-11T18:05:00+00:00,115.0,0.9167,328716.67
MLE,FRA,1636.0,200.0,UAE653,UAE43,2026-07-09T21:55:00+00:00,2026-07-09T23:55:00+00:00,120.0,1.0,327200.0
LHR,DAC,1597.0,200.0,UAE2,UAE582,2026-07-10T20:20:00+00:00,2026-07-10T22:20:00+00:00,120.0,1.0,319400.0
FRA,CMB,1592.0,200.0,UAE46,UAE650,2026-07-09T20:30:00+00:00,2026-07-09T22:30:00+00:00,120.0,1.0,318400.0
LHR,KHI,1583.0,200.0,UAE32,UAE600,2026-07-08T01:45:00+00:00,2026-07-08T03:45:00+00:00,120.0,1.0,316600.0
CDG,MRU,1574.0,200.0,UAE74,UAE701,2026-07-12T20:20:00+00:00,2026-07-12T22:20:00+00:00,120.0,1.0,314800.0
BKK,AMS,1570.0,200.0,UAE375,UAE149,2026-07-06T09:00:00+00:00,2026-07-06T11:00:00+00:00,120.0,1.0,314000.0
DPS,CDG,1667.0,200.0,UAE399,UAE73,2026-07-12T02:00:00+00:00,2026-07-12T04:10:00+00:00,130.0,0.9417,313951.67
CMB,CDG,1566.0,200.0,UAE651,UAE75,2026-07-11T09:05:00+00:00,2026-07-11T11:05:00+00:00,120.0,1.0,313200.0
HYD,IAH,1564.0,200.0,UAE525,UAE211,2026-07-12T02:45:00+00:00,2026-07-12T04:45:00+00:00,120.0,1.0,312800.0
AMS,KUL,1561.0,200.0,UAE148,UAE346,2026-07-10T20:10:00+00:00,2026-07-10T22:10:00+00:00,120.0,1.0,312200.0
CDG,KUL,1557.0,200.0,UAE76,UAE342,2026-07-10T03:25:00+00:00,2026-07-10T05:25:00+00:00,120.0,1.0,311400.0
CMB,DUS,1749.0,200.0,UAE651,UAE57,2026-07-07T08:05:00+00:00,2026-07-07T10:25:00+00:00,140.0,0.8833,308990.0
MRU,CDG,1539.0,200.0,UAE704,UAE73,2026-07-07T01:25:00+00:00,2026-07-07T03:25:00+00:00,120.0,1.0,307800.0
KUL,LGW,1538.0,200.0,UAE345,UAE9,2026-07-06T09:00:00+00:00,2026-07-06T11:00:00+00:00,120.0,1.0,307600.0
LGW,MRU,1518.0,200.0,UAE16,UAE701,2026-07-06T20:45:00+00:00,2026-07-06T22:45:00+00:00,120.0,1.0,303600.0
LHR,MNL,1513.0,200.0,UAE4,UAE334,2026-07-09T02:50:00+00:00,2026-07-09T04:50:00+00:00,120.0,1.0,302600.0
ORD,HYD,1589.0,200.0,UAE236,UAE524,2026-07-10T15:35:00+00:00,2026-07-10T17:45:00+00:00,130.0,0.9417,299261.67
HYD,SFO,1749.0,200.0,UAE525,UAE225,2026-07-12T02:45:00+00:00,2026-07-12T05:10:00+00:00,145.0,0.8542,298787.5
BKK,LHR,1487.0,200.0,UAE375,UAE5,2026-07-12T09:45:00+00:00,2026-07-12T11:45:00+00:00,120.0,1.0,297400.0
BNE,LHR,1578.0,200.0,UAE435,UAE1,2026-07-10T01:20:00+00:00,2026-07-10T03:30:00+00:00,130.0,0.9417,297190.0
AKL,AMS,266.0,1116.83,UAE449,UAE147,2026-07-08T01:35:00+00:00,2026-07-08T03:35:00+00:00,120.0,1.0,297077.49
DAC,LIS,1476.0,200.0,UAE585,UAE191,2026-07-09T01:25:00+00:00,2026-07-09T03:25:00+00:00,120.0,1.0,295200.0
LGW,MAA,1594.0,200.0,UAE12,UAE542,2026-07-12T16:00:00+00:00,2026-07-12T17:55:00+00:00,115.0,0.9167,292233.33
ACC,CAN,539.0,541.52,UAE788,UAE362,2026-07-08T03:15:00+00:00,2026-07-08T05:15:00+00:00,120.0,1.0,291877.5
KUL,CAI,1456.0,200.0,UAE345,UAE923,2026-07-10T09:15:00+00:00,2026-07-10T11:15:00+00:00,120.0,1.0,291200.0
BKK,DUS,1450.0,200.0,UAE371,UAE55,2026-07-07T02:50:00+00:00,2026-07-07T04:50:00+00:00,120.0,1.0,290000.0
LGW,MEL,1526.0,200.0,UAE10,UAE406,2026-07-08T03:55:00+00:00,2026-07-08T06:05:00+00:00,130.0,0.9417,287396.67
IAH,BOM,1436.0,200.0,UAE212,UAE500,2026-07-08T16:00:00+00:00,2026-07-08T18:00:00+00:00,120.0,1.0,287200.0
SFO,MAA,1554.0,200.0,UAE226,UAE542,2026-07-07T15:20:00+00:00,2026-07-07T17:15:00+00:00,115.0,0.9167,284900.0
LGW,SYD,1422.0,200.0,UAE12,UAE416,2026-07-12T16:00:00+00:00,2026-07-12T18:00:00+00:00,120.0,1.0,284400.0
CMB,ZRH,1421.0,200.0,UAE651,UAE85,2026-07-11T09:05:00+00:00,2026-07-11T11:05:00+00:00,120.0,1.0,284200.0
YUL,BEY,1410.0,200.0,UAE244,UAE957,2026-07-08T03:05:00+00:00,2026-07-08T05:05:00+00:00,120.0,1.0,282000.0
KUL,CDG,1447.0,200.0,UAE345,UAE75,2026-07-09T09:10:00+00:00,2026-07-09T11:15:00+00:00,125.0,0.9708,280959.17
LHR,MAA,1380.0,200.0,UAE2,UAE544,2026-07-07T20:30:00+00:00,2026-07-07T22:30:00+00:00,120.0,1.0,276000.0
BOM,SFO,1375.0,200.0,UAE501,UAE225,2026-07-10T02:40:00+00:00,2026-07-10T04:40:00+00:00,120.0,1.0,275000.0
MRU,LGW,1372.0,200.0,UAE704,UAE15,2026-07-07T01:25:00+00:00,2026-07-07T03:25:00+00:00,120.0,1.0,274400.0
BOM,JFK,1367.0,200.0,UAE501,UAE201,2026-07-11T02:00:00+00:00,2026-07-11T04:00:00+00:00,120.0,1.0,273400.0
BKK,MAD,1463.0,200.0,UAE377,UAE141,2026-07-12T01:55:00+00:00,2026-07-12T03:50:00+00:00,115.0,0.9167,268216.67
LHE,LHR,1338.0,200.0,UAE623,UAE1,2026-07-08T01:45:00+00:00,2026-07-08T03:45:00+00:00,120.0,1.0,267600.0
CPH,TPE,1332.0,200.0,UAE152,UAE366,2026-07-12T20:45:00+00:00,2026-07-12T22:45:00+00:00,120.0,1.0,266400.0
DUB,MEL,1331.0,200.0,UAE162,UAE408,2026-07-06T20:40:00+00:00,2026-07-06T22:40:00+00:00,120.0,1.0,266200.0
CDG,SYD,1329.0,200.0,UAE72,UAE416,2026-07-11T16:20:00+00:00,2026-07-11T18:20:00+00:00,120.0,1.0,265800.0
DPS,FRA,1409.0,200.0,UAE399,UAE45,2026-07-07T02:10:00+00:00,2026-07-07T04:20:00+00:00,130.0,0.9417,265361.67
HKG,MAN,1320.0,200.0,UAE381,UAE17,2026-07-07T01:25:00+00:00,2026-07-07T03:25:00+00:00,120.0,1.0,264000.0
JFK,BLR,1319.0,200.0,UAE202,UAE568,2026-07-10T15:15:00+00:00,2026-07-10T17:15:00+00:00,120.0,1.0,263800.0
LGW,BKK,1314.0,200.0,UAE16,UAE384,2026-07-12T20:45:00+00:00,2026-07-12T22:45:00+00:00,120.0,1.0,262800.0
BRU,BKK,1392.0,200.0,UAE184,UAE384,2026-07-09T20:35:00+00:00,2026-07-09T22:45:00+00:00,130.0,0.9417,262160.0
BKK,HAM,1309.0,200.0,UAE371,UAE59,2026-07-08T02:50:00+00:00,2026-07-08T04:50:00+00:00,120.0,1.0,261800.0
MAA,CDG,1479.0,200.0,UAE545,UAE75,2026-07-12T08:20:00+00:00,2026-07-12T10:40:00+00:00,140.0,0.8833,261290.0
CGK,IST,1922.0,200.0,UAE359,UAE123,2026-07-12T02:30:00+00:00,2026-07-12T05:25:00+00:00,175.0,0.6792,261071.67
BCN,BKK,1299.0,200.0,UAE186,UAE384,2026-07-12T20:45:00+00:00,2026-07-12T22:45:00+00:00,120.0,1.0,259800.0
MLE,VIE,1299.0,200.0,UAE659,UAE125,2026-07-10T09:50:00+00:00,2026-07-10T11:50:00+00:00,120.0,1.0,259800.0
MUC,MLE,1298.0,200.0,UAE50,UAE656,2026-07-08T20:10:00+00:00,2026-07-08T22:10:00+00:00,120.0,1.0,259600.0
DPS,LGW,1289.0,200.0,UAE399,UAE15,2026-07-12T02:00:00+00:00,2026-07-12T04:00:00+00:00,120.0,1.0,257800.0
CDG,MEL,1288.0,200.0,UAE76,UAE406,2026-07-07T03:20:00+00:00,2026-07-07T05:20:00+00:00,120.0,1.0,257600.0
LGW,KUL,1403.0,200.0,UAE12,UAE344,2026-07-07T15:20:00+00:00,2026-07-07T17:15:00+00:00,115.0,0.9167,257216.67
CAI,KUL,1408.0,200.0,UAE926,UAE342,2026-07-12T04:10:00+00:00,2026-07-12T06:25:00+00:00,135.0,0.9125,256960.0
BKK,CDG,1277.0,200.0,UAE375,UAE75,2026-07-08T09:25:00+00:00,2026-07-08T11:25:00+00:00,120.0,1.0,255400.0
MRU,DME,1265.0,200.0,UAE704,UAE133,2026-07-07T01:25:00+00:00,2026-07-07T03:25:00+00:00,120.0,1.0,253000.0
VCE,ICN,1264.0,200.0,UAE136,UAE322,2026-07-09T20:45:00+00:00,2026-07-09T22:45:00+00:00,120.0,1.0,252800.0
BLR,JFK,1342.0,200.0,UAE567,UAE203,2026-07-08T20:10:00+00:00,2026-07-08T22:20:00+00:00,130.0,0.9417,252743.33
LHR,AKL,1258.0,200.0,UAE6,UAE448,2026-07-12T04:15:00+00:00,2026-07-12T06:15:00+00:00,120.0,1.0,251600.0
NRT,GRU,1467.0,200.0,UAE319,UAE261,2026-07-07T01:05:00+00:00,2026-07-07T03:30:00+00:00,145.0,0.8542,250612.5
DME,SGN,1250.0,200.0,UAE132,UAE392,2026-07-11T03:45:00+00:00,2026-07-11T05:45:00+00:00,120.0,1.0,250000.0
SEA,DEL,1243.0,200.0,UAE230,UAE512,2026-07-09T15:25:00+00:00,2026-07-09T17:25:00+00:00,120.0,1.0,248600.0
BOM,IAH,1389.0,200.0,UAE501,UAE211,2026-07-12T02:25:00+00:00,2026-07-12T04:45:00+00:00,140.0,0.8833,245390.0
PEK,LHR,1224.0,200.0,UAE307,UAE1,2026-07-08T01:45:00+00:00,2026-07-08T03:45:00+00:00,120.0,1.0,244800.0
MAN,COK,1298.0,200.0,UAE22,UAE532,2026-07-11T16:10:00+00:00,2026-07-11T18:20:00+00:00,130.0,0.9417,244456.67
MAA,IAD,1382.0,200.0,UAE547,UAE231,2026-07-07T20:40:00+00:00,2026-07-07T23:00:00+00:00,140.0,0.8833,244153.33
LHR,LHE,1214.0,200.0,UAE8,UAE622,2026-07-09T15:40:00+00:00,2026-07-09T17:40:00+00:00,120.0,1.0,242800.0
FCO,SIN,1209.0,200.0,UAE98,UAE348,2026-07-12T19:35:00+00:00,2026-07-12T21:35:00+00:00,120.0,1.0,241800.0
AKL,FCO,214.0,1233.92,UAE449,UAE97,2026-07-10T02:35:00+00:00,2026-07-10T04:50:00+00:00,135.0,0.9125,240954.63
MNL,LHR,1204.0,200.0,UAE337,UAE3,2026-07-08T08:15:00+00:00,2026-07-08T10:15:00+00:00,120.0,1.0,240800.0
CDG,CMB,1200.0,200.0,UAE74,UAE650,2026-07-08T20:30:00+00:00,2026-07-08T22:30:00+00:00,120.0,1.0,240000.0
LHR,MLE,1189.0,200.0,UAE2,UAE656,2026-07-07T20:30:00+00:00,2026-07-07T22:30:00+00:00,120.0,1.0,237800.0
BKK,LGW,1186.0,200.0,UAE375,UAE9,2026-07-06T09:00:00+00:00,2026-07-06T11:00:00+00:00,120.0,1.0,237200.0
LHR,MRU,1177.0,200.0,UAE6,UAE703,2026-07-07T04:35:00+00:00,2026-07-07T06:35:00+00:00,120.0,1.0,235400.0
MEL,FCO,1374.0,200.0,UAE409,UAE95,2026-07-09T09:05:00+00:00,2026-07-09T11:30:00+00:00,145.0,0.8542,234725.0
AKL,LHR,1246.0,200.0,UAE449,UAE1,2026-07-08T01:35:00+00:00,2026-07-08T03:45:00+00:00,130.0,0.9417,234663.33
BUD,ICN,1172.0,200.0,UAE112,UAE322,2026-07-12T20:40:00+00:00,2026-07-12T22:40:00+00:00,120.0,1.0,234400.0
BKK,MAN,1171.0,200.0,UAE373,UAE21,2026-07-08T20:50:00+00:00,2026-07-08T22:50:00+00:00,120.0,1.0,234200.0
DPS,DUS,1171.0,200.0,UAE399,UAE55,2026-07-08T01:30:00+00:00,2026-07-08T03:30:00+00:00,120.0,1.0,234200.0
MEL,LGW,1171.0,200.0,UAE409,UAE9,2026-07-12T09:00:00+00:00,2026-07-12T11:00:00+00:00,120.0,1.0,234200.0
SEA,HYD,1242.0,200.0,UAE230,UAE524,2026-07-06T15:40:00+00:00,2026-07-06T17:50:00+00:00,130.0,0.9417,233910.0
MAN,LHE,1152.0,200.0,UAE22,UAE622,2026-07-06T15:40:00+00:00,2026-07-06T17:40:00+00:00,120.0,1.0,230400.0
AKL,BHX,224.0,1091.62,UAE449,UAE39,2026-07-08T01:35:00+00:00,2026-07-08T03:45:00+00:00,130.0,0.9417,230259.85
DUB,PER,1151.0,200.0,UAE162,UAE420,2026-07-08T20:50:00+00:00,2026-07-08T22:50:00+00:00,120.0,1.0,230200.0
MEL,DUB,1148.0,200.0,UAE407,UAE161,2026-07-10T01:15:00+00:00,2026-07-10T03:15:00+00:00,120.0,1.0,229600.0
TPE,LHR,1148.0,200.0,UAE387,UAE1,2026-07-12T01:45:00+00:00,2026-07-12T03:45:00+00:00,120.0,1.0,229600.0
LHE,JFK,1145.0,200.0,UAE623,UAE201,2026-07-12T02:00:00+00:00,2026-07-12T04:00:00+00:00,120.0,1.0,229000.0
MEL,ATH,1840.0,200.0,UAE409,UAE103,2026-07-10T08:45:00+00:00,2026-07-10T11:50:00+00:00,185.0,0.6208,228466.67
KHI,IST,1121.0,200.0,UAE601,UAE121,2026-07-07T08:55:00+00:00,2026-07-07T10:55:00+00:00,120.0,1.0,224200.0
DEL,SFO,1119.0,200.0,UAE513,UAE225,2026-07-09T02:25:00+00:00,2026-07-09T04:25:00+00:00,120.0,1.0,223800.0
MAN,CMB,1117.0,200.0,UAE18,UAE650,2026-07-08T20:30:00+00:00,2026-07-08T22:30:00+00:00,120.0,1.0,223400.0
SFO,DEL,1171.0,200.0,UAE226,UAE512,2026-07-07T15:20:00+00:00,2026-07-07T17:30:00+00:00,130.0,0.9417,220538.33
DFW,BLR,1102.0,200.0,UAE222,UAE566,2026-07-08T08:35:00+00:00,2026-07-08T10:35:00+00:00,120.0,1.0,220400.0
LHR,BOM,1101.0,200.0,UAE4,UAE506,2026-07-07T02:50:00+00:00,2026-07-07T04:50:00+00:00,120.0,1.0,220200.0
ADL,LGW,227.0,969.36,UAE441,UAE15,2026-07-10T01:35:00+00:00,2026-07-10T03:35:00+00:00,120.0,1.0,220044.59
DEL,SEA,1100.0,200.0,UAE513,UAE229,2026-07-11T02:55:00+00:00,2026-07-11T04:55:00+00:00,120.0,1.0,220000.0
KHI,LHR,1133.0,200.0,UAE601,UAE5,2026-07-08T09:25:00+00:00,2026-07-08T11:30:00+00:00,125.0,0.9708,219990.83
DUS,KUL,1099.0,200.0,UAE56,UAE346,2026-07-10T20:10:00+00:00,2026-07-10T22:10:00+00:00,120.0,1.0,219800.0
SYD,FCO,1167.0,200.0,UAE415,UAE95,2026-07-12T09:30:00+00:00,2026-07-12T11:40:00+00:00,130.0,0.9417,219785.0
CDG,SIN,1268.0,200.0,UAE76,UAE352,2026-07-09T03:35:00+00:00,2026-07-09T06:00:00+00:00,145.0,0.8542,216616.67
AKL,ZRH,153.0,1452.35,UAE449,UAE87,2026-07-11T02:35:00+00:00,2026-07-11T04:40:00+00:00,125.0,0.9708,215728.44
LGW,DPS,1111.0,200.0,UAE16,UAE368,2026-07-08T20:45:00+00:00,2026-07-08T22:50:00+00:00,125.0,0.9708,215719.17
DPS,LHR,1076.0,200.0,UAE369,UAE7,2026-07-12T20:30:00+00:00,2026-07-12T22:30:00+00:00,120.0,1.0,215200.0
MAN,SIN,1076.0,200.0,UAE20,UAE352,2026-07-08T04:00:00+00:00,2026-07-08T06:00:00+00:00,120.0,1.0,215200.0
MNL,FCO,1074.0,200.0,UAE331,UAE97,2026-07-09T03:50:00+00:00,2026-07-09T05:50:00+00:00,120.0,1.0,214800.0
BEY,YUL,1106.0,200.0,UAE954,UAE243,2026-07-12T20:35:00+00:00,2026-07-12T22:40:00+00:00,125.0,0.9708,214748.33
MNL,AMS,1138.0,200.0,UAE337,UAE149,2026-07-12T08:25:00+00:00,2026-07-12T10:35:00+00:00,130.0,0.9417,214323.33
MLE,MUC,1063.0,200.0,UAE659,UAE51,2026-07-06T10:20:00+00:00,2026-07-06T12:20:00+00:00,120.0,1.0,212600.0
TPE,CPH,1063.0,200.0,UAE387,UAE151,2026-07-10T02:05:00+00:00,2026-07-10T04:05:00+00:00,120.0,1.0,212600.0
CDG,TPE,1062.0,200.0,UAE76,UAE386,2026-07-09T03:35:00+00:00,2026-07-09T05:35:00+00:00,120.0,1.0,212400.0
HYD,ORD,1126.0,200.0,UAE525,UAE235,2026-07-12T02:45:00+00:00,2026-07-12T04:55:00+00:00,130.0,0.9417,212063.33
HAM,MRU,1092.0,200.0,UAE60,UAE701,2026-07-09T20:45:00+00:00,2026-07-09T22:50:00+00:00,125.0,0.9708,212030.0
IST,CGK,1053.0,200.0,UAE122,UAE356,2026-07-08T22:05:00+00:00,2026-07-09T00:05:00+00:00,120.0,1.0,210600.0
AMS,ADL,209.0,1006.08,UAE148,UAE440,2026-07-06T20:05:00+00:00,2026-07-06T22:05:00+00:00,120.0,1.0,210271.59
DME,MRU,1045.0,200.0,UAE134,UAE701,2026-07-06T20:45:00+00:00,2026-07-06T22:45:00+00:00,120.0,1.0,209000.0
ZRH,TPE,1044.0,200.0,UAE88,UAE366,2026-07-12T20:45:00+00:00,2026-07-12T22:45:00+00:00,120.0,1.0,208800.0
DUB,BNE,1041.0,200.0,UAE164,UAE434,2026-07-10T04:35:00+00:00,2026-07-10T06:35:00+00:00,120.0,1.0,208200.0
HKG,LGW,1035.0,200.0,UAE381,UAE15,2026-07-07T01:25:00+00:00,2026-07-07T03:25:00+00:00,120.0,1.0,207000.0
IAH,HYD,1026.0,200.0,UAE212,UAE524,2026-07-12T16:00:00+00:00,2026-07-12T18:00:00+00:00,120.0,1.0,205200.0
CDG,JNB,1023.0,200.0,UAE72,UAE767,2026-07-12T17:20:00+00:00,2026-07-12T19:20:00+00:00,120.0,1.0,204600.0
FRA,MRU,1157.0,200.0,UAE46,UAE701,2026-07-09T20:30:00+00:00,2026-07-09T22:50:00+00:00,140.0,0.8833,204403.33
BHX,BKK,1113.0,200.0,UAE40,UAE384,2026-07-11T20:55:00+00:00,2026-07-11T22:50:00+00:00,115.0,0.9167,204050.0
PVG,NBO,1020.0,200.0,UAE305,UAE721,2026-07-12T08:55:00+00:00,2026-07-12T10:55:00+00:00,120.0,1.0,204000.0
LGW,LHE,1018.0,200.0,UAE16,UAE624,2026-07-09T21:20:00+00:00,2026-07-09T23:20:00+00:00,120.0,1.0,203600.0
LHR,DEL,1113.0,200.0,UAE8,UAE512,2026-07-08T15:15:00+00:00,2026-07-08T17:30:00+00:00,135.0,0.9125,203122.5
MAA,LHR,1007.0,200.0,UAE545,UAE3,2026-07-09T08:20:00+00:00,2026-07-09T10:20:00+00:00,120.0,1.0,201400.0
HAM,MLE,1006.0,200.0,UAE60,UAE656,2026-07-08T20:10:00+00:00,2026-07-08T22:10:00+00:00,120.0,1.0,201200.0
BCN,PVG,1004.0,200.0,UAE186,UAE302,2026-07-11T20:45:00+00:00,2026-07-11T22:45:00+00:00,120.0,1.0,200800.0
MNL,MIA,1002.0,200.0,UAE333,UAE213,2026-07-12T19:15:00+00:00,2026-07-12T21:15:00+00:00,120.0,1.0,200400.0
JFK,AMD,1091.0,200.0,UAE202,UAE538,2026-07-11T16:10:00+00:00,2026-07-11T18:05:00+00:00,115.0,0.9167,200016.67
LGW,ISB,999.0,200.0,UAE16,UAE612,2026-07-09T21:20:00+00:00,2026-07-09T23:20:00+00:00,120.0,1.0,199800.0
TPE,ZRH,1254.0,200.0,UAE387,UAE87,2026-07-10T02:05:00+00:00,2026-07-10T04:40:00+00:00,155.0,0.7958,199595.0
DUB,COK,993.0,200.0,UAE162,UAE530,2026-07-12T20:50:00+00:00,2026-07-12T22:50:00+00:00,120.0,1.0,198600.0
AMS,HAN,990.0,200.0,UAE148,UAE394,2026-07-11T20:30:00+00:00,2026-07-11T22:30:00+00:00,120.0,1.0,198000.0
MEL,CDG,989.0,200.0,UAE409,UAE75,2026-07-07T09:05:00+00:00,2026-07-07T11:05:00+00:00,120.0,1.0,197800.0
MXP,DAC,980.0,200.0,UAE206,UAE582,2026-07-06T19:40:00+00:00,2026-07-06T21:40:00+00:00,120.0,1.0,196000.0
BCN,HND,978.0,200.0,UAE188,UAE312,2026-07-10T01:45:00+00:00,2026-07-10T03:45:00+00:00,120.0,1.0,195600.0
DUS,CGK,975.0,200.0,UAE56,UAE356,2026-07-09T21:05:00+00:00,2026-07-09T23:05:00+00:00,120.0,1.0,195000.0
MUC,MRU,972.0,200.0,UAE50,UAE701,2026-07-09T20:50:00+00:00,2026-07-09T22:50:00+00:00,120.0,1.0,194400.0
LHR,PER,971.0,200.0,UAE2,UAE420,2026-07-12T20:35:00+00:00,2026-07-12T22:35:00+00:00,120.0,1.0,194200.0
LHR,DUR,970.0,200.0,UAE6,UAE775,2026-07-12T04:15:00+00:00,2026-07-12T06:15:00+00:00,120.0,1.0,194000.0
LGW,HKG,991.0,200.0,UAE10,UAE380,2026-07-07T03:55:00+00:00,2026-07-07T06:00:00+00:00,125.0,0.9708,192419.17
MAN,MRU,962.0,200.0,UAE18,UAE701,2026-07-09T20:50:00+00:00,2026-07-09T22:50:00+00:00,120.0,1.0,192400.0
MLE,HAM,960.0,200.0,UAE657,UAE61,2026-07-12T08:30:00+00:00,2026-07-12T10:30:00+00:00,120.0,1.0,192000.0
MRU,MAN,957.0,200.0,UAE704,UAE17,2026-07-07T01:25:00+00:00,2026-07-07T03:25:00+00:00,120.0,1.0,191400.0
PER,DUB,954.0,200.0,UAE421,UAE161,2026-07-09T01:15:00+00:00,2026-07-09T03:15:00+00:00,120.0,1.0,190800.0
BOM,LHR,1012.0,200.0,UAE505,UAE3,2026-07-12T08:05:00+00:00,2026-07-12T10:15:00+00:00,130.0,0.9417,190593.33
CDG,SGN,1044.0,200.0,UAE76,UAE392,2026-07-10T03:25:00+00:00,2026-07-10T05:40:00+00:00,135.0,0.9125,190530.0
LGW,BNE,1237.0,200.0,UAE10,UAE434,2026-07-10T03:55:00+00:00,2026-07-10T06:35:00+00:00,160.0,0.7667,189673.33
HYD,LAX,948.0,200.0,UAE525,UAE215,2026-07-11T02:40:00+00:00,2026-07-11T04:40:00+00:00,120.0,1.0,189600.0
HKT,AMS,941.0,200.0,UAE391,UAE149,2026-07-06T09:00:00+00:00,2026-07-06T11:00:00+00:00,120.0,1.0,188200.0
DPS,WAW,1031.0,200.0,UAE399,UAE179,2026-07-11T01:40:00+00:00,2026-07-11T03:55:00+00:00,135.0,0.9125,188157.5
MRU,LHR,968.0,200.0,UAE704,UAE1,2026-07-10T01:25:00+00:00,2026-07-10T03:30:00+00:00,125.0,0.9708,187953.33
DAC,MXP,937.0,200.0,UAE583,UAE91,2026-07-06T09:30:00+00:00,2026-07-06T11:30:00+00:00,120.0,1.0,187400.0
HKG,LHR,1026.0,200.0,UAE381,UAE1,2026-07-07T01:25:00+00:00,2026-07-07T03:40:00+00:00,135.0,0.9125,187245.0
MAN,MAA,934.0,200.0,UAE18,UAE544,2026-07-08T20:30:00+00:00,2026-07-08T22:30:00+00:00,120.0,1.0,186800.0
LHR,CGK,948.0,200.0,UAE2,UAE356,2026-07-09T21:00:00+00:00,2026-07-09T23:05:00+00:00,125.0,0.9708,184070.0
MNL,HAM,946.0,200.0,UAE337,UAE61,2026-07-12T08:25:00+00:00,2026-07-12T10:30:00+00:00,125.0,0.9708,183681.67
MAD,MNL,918.0,200.0,UAE144,UAE334,2026-07-12T03:15:00+00:00,2026-07-12T05:15:00+00:00,120.0,1.0,183600.0
SEA,BLR,917.0,200.0,UAE230,UAE568,2026-07-11T15:25:00+00:00,2026-07-11T17:25:00+00:00,120.0,1.0,183400.0
MNL,BCN,912.0,200.0,UAE337,UAE187,2026-07-10T08:00:00+00:00,2026-07-10T10:00:00+00:00,120.0,1.0,182400.0
FRA,SEZ,911.0,200.0,UAE48,UAE707,2026-07-10T02:55:00+00:00,2026-07-10T04:55:00+00:00,120.0,1.0,182200.0
KUL,AMS,911.0,200.0,UAE345,UAE149,2026-07-06T09:00:00+00:00,2026-07-06T11:00:00+00:00,120.0,1.0,182200.0
LHR,TPE,967.0,200.0,UAE2,UAE366,2026-07-12T20:35:00+00:00,2026-07-12T22:45:00+00:00,130.0,0.9417,182118.33
BKK,BCN,906.0,200.0,UAE377,UAE185,2026-07-11T02:00:00+00:00,2026-07-11T04:00:00+00:00,120.0,1.0,181200.0
MAA,DFW,905.0,200.0,UAE547,UAE221,2026-07-11T20:40:00+00:00,2026-07-11T22:40:00+00:00,120.0,1.0,181000.0
AKL,FRA,216.0,883.16,UAE449,UAE45,2026-07-09T02:35:00+00:00,2026-07-09T04:45:00+00:00,130.0,0.9417,179634.47
CMB,MXP,1014.0,200.0,UAE651,UAE91,2026-07-08T08:55:00+00:00,2026-07-08T11:15:00+00:00,140.0,0.8833,179140.0
MAA,LAX,895.0,200.0,UAE543,UAE215,2026-07-11T02:40:00+00:00,2026-07-11T04:40:00+00:00,120.0,1.0,179000.0
MAN,BNE,893.0,200.0,UAE20,UAE434,2026-07-09T03:40:00+00:00,2026-07-09T05:40:00+00:00,120.0,1.0,178600.0
HAM,MNL,1045.0,200.0,UAE60,UAE332,2026-07-09T20:45:00+00:00,2026-07-09T23:10:00+00:00,145.0,0.8542,178520.83
FCO,CGK,1010.0,200.0,UAE98,UAE356,2026-07-09T20:45:00+00:00,2026-07-09T23:05:00+00:00,140.0,0.8833,178433.33
JFK,LHE,947.0,200.0,UAE202,UAE622,2026-07-08T16:10:00+00:00,2026-07-08T18:20:00+00:00,130.0,0.9417,178351.67
BKK,BRU,891.0,200.0,UAE377,UAE183,2026-07-12T01:55:00+00:00,2026-07-12T03:55:00+00:00,120.0,1.0,178200.0
AKL,LIS,157.0,1168.6,UAE449,UAE191,2026-07-12T01:20:00+00:00,2026-07-12T03:25:00+00:00,125.0,0.9708,178118.99
FRA,KUL,887.0,200.0,UAE44,UAE344,2026-07-12T15:40:00+00:00,2026-07-12T17:40:00+00:00,120.0,1.0,177400.0
ICN,VCE,1156.0,200.0,UAE323,UAE135,2026-07-12T01:25:00+00:00,2026-07-12T04:05:00+00:00,160.0,0.7667,177253.33
BOM,BOS,886.0,200.0,UAE501,UAE237,2026-07-07T02:00:00+00:00,2026-07-07T04:00:00+00:00,120.0,1.0,177200.0
LHR,JNB,886.0,200.0,UAE6,UAE763,2026-07-11T04:20:00+00:00,2026-07-11T06:20:00+00:00,120.0,1.0,177200.0
BHX,CMB,911.0,200.0,UAE40,UAE650,2026-07-12T20:40:00+00:00,2026-07-12T22:45:00+00:00,125.0,0.9708,176885.83
IST,KHI,938.0,200.0,UAE118,UAE600,2026-07-07T01:05:00+00:00,2026-07-07T03:15:00+00:00,130.0,0.9417,176656.67
DME,SEZ,883.0,200.0,UAE132,UAE707,2026-07-08T02:55:00+00:00,2026-07-08T04:55:00+00:00,120.0,1.0,176600.0
LGW,DAC,882.0,200.0,UAE16,UAE582,2026-07-10T20:20:00+00:00,2026-07-10T22:20:00+00:00,120.0,1.0,176400.0
MRU,FRA,881.0,200.0,UAE704,UAE45,2026-07-11T01:25:00+00:00,2026-07-11T03:25:00+00:00,120.0,1.0,176200.0
LHR,DPS,879.0,200.0,UAE6,UAE398,2026-07-09T04:10:00+00:00,2026-07-09T06:10:00+00:00,120.0,1.0,175800.0
FRA,SIN,963.0,200.0,UAE44,UAE314,2026-07-12T15:40:00+00:00,2026-07-12T17:55:00+00:00,135.0,0.9125,175747.5
DPS,MAN,876.0,200.0,UAE399,UAE17,2026-07-08T01:30:00+00:00,2026-07-08T03:30:00+00:00,120.0,1.0,175200.0
STN,COK,876.0,200.0,UAE66,UAE530,2026-07-12T20:50:00+00:00,2026-07-12T22:50:00+00:00,120.0,1.0,175200.0
BOS,BOM,874.0,200.0,UAE238,UAE500,2026-07-12T15:40:00+00:00,2026-07-12T17:40:00+00:00,120.0,1.0,174800.0
SEA,BOM,874.0,200.0,UAE230,UAE500,2026-07-06T15:40:00+00:00,2026-07-06T17:40:00+00:00,120.0,1.0,174800.0
JFK,DEL,898.0,200.0,UAE202,UAE512,2026-07-12T15:55:00+00:00,2026-07-12T18:00:00+00:00,125.0,0.9708,174361.67
JFK,COK,925.0,200.0,UAE202,UAE532,2026-07-11T16:10:00+00:00,2026-07-11T18:20:00+00:00,130.0,0.9417,174208.33
HND,GRU,870.0,200.0,UAE313,UAE261,2026-07-07T01:30:00+00:00,2026-07-07T03:30:00+00:00,120.0,1.0,174000.0
MLE,LHR,866.0,200.0,UAE657,UAE3,2026-07-08T08:15:00+00:00,2026-07-08T10:15:00+00:00,120.0,1.0,173200.0
DEL,LAX,865.0,200.0,UAE513,UAE215,2026-07-12T02:25:00+00:00,2026-07-12T04:25:00+00:00,120.0,1.0,173000.0
DPS,DME,889.0,200.0,UAE399,UAE133,2026-07-09T01:35:00+00:00,2026-07-09T03:40:00+00:00,125.0,0.9708,172614.17
COK,LGW,855.0,200.0,UAE531,UAE9,2026-07-06T09:00:00+00:00,2026-07-06T11:00:00+00:00,120.0,1.0,171000.0
NCL,BKK,932.0,200.0,UAE36,UAE376,2026-07-09T21:55:00+00:00,2026-07-09T23:50:00+00:00,115.0,0.9167,170866.67
MLE,DUS,873.0,200.0,UAE657,UAE57,2026-07-09T07:55:00+00:00,2026-07-09T10:00:00+00:00,125.0,0.9708,169507.5
AMS,SIN,847.0,200.0,UAE150,UAE352,2026-07-07T03:20:00+00:00,2026-07-07T05:20:00+00:00,120.0,1.0,169400.0
MAA,ORD,928.0,200.0,UAE543,UAE235,2026-07-12T02:40:00+00:00,2026-07-12T04:55:00+00:00,135.0,0.9125,169360.0
ICN,PRG,893.0,200.0,UAE323,UAE139,2026-07-07T01:25:00+00:00,2026-07-07T03:35:00+00:00,130.0,0.9417,168181.67
BLR,LHR,918.0,200.0,UAE569,UAE29,2026-07-07T03:25:00+00:00,2026-07-07T05:40:00+00:00,135.0,0.9125,167535.0
FRA,MAA,836.0,200.0,UAE46,UAE544,2026-07-09T20:30:00+00:00,2026-07-09T22:30:00+00:00,120.0,1.0,167200.0
CGK,AMS,861.0,200.0,UAE359,UAE147,2026-07-08T01:30:00+00:00,2026-07-08T03:35:00+00:00,125.0,0.9708,167177.5
GRU,NRT,835.0,200.0,UAE262,UAE318,2026-07-06T20:05:00+00:00,2026-07-06T22:05:00+00:00,120.0,1.0,167000.0
MAN,DPS,910.0,200.0,UAE20,UAE398,2026-07-11T03:40:00+00:00,2026-07-11T05:35:00+00:00,115.0,0.9167,166833.33
AMD,LAX,257.0,648.21,UAE539,UAE215,2026-07-07T02:10:00+00:00,2026-07-07T04:10:00+00:00,120.0,1.0,166588.91
LOS,CAN,1750.0,200.0,UAE784,UAE362,2026-07-10T01:45:00+00:00,2026-07-10T05:15:00+00:00,210.0,0.475,166250.0
DAC,LHR,831.0,200.0,UAE585,UAE1,2026-07-10T01:30:00+00:00,2026-07-10T03:30:00+00:00,120.0,1.0,166200.0
ADL,FCO,245.0,720.08,UAE441,UAE97,2026-07-07T01:40:00+00:00,2026-07-07T03:50:00+00:00,130.0,0.9417,166127.38
BRU,JNB,1553.0,200.0,UAE182,UAE763,2026-07-07T02:35:00+00:00,2026-07-07T05:55:00+00:00,200.0,0.5333,165653.33
AMS,HKT,828.0,200.0,UAE148,UAE378,2026-07-11T20:30:00+00:00,2026-07-11T22:30:00+00:00,120.0,1.0,165600.0
MRU,MUC,966.0,200.0,UAE704,UAE49,2026-07-07T01:25:00+00:00,2026-07-07T03:50:00+00:00,145.0,0.8542,165025.0
MLE,MAD,820.0,200.0,UAE657,UAE143,2026-07-12T08:30:00+00:00,2026-07-12T10:30:00+00:00,120.0,1.0,164000.0
NBO,PVG,870.0,200.0,UAE720,UAE302,2026-07-12T19:40:00+00:00,2026-07-12T21:50:00+00:00,130.0,0.9417,163850.0
VIE,MRU,843.0,200.0,UAE128,UAE701,2026-07-12T20:15:00+00:00,2026-07-12T22:20:00+00:00,125.0,0.9708,163682.5
HKG,BHX,817.0,200.0,UAE381,UAE39,2026-07-07T01:25:00+00:00,2026-07-07T03:25:00+00:00,120.0,1.0,163400.0
FCO,MNL,816.0,200.0,UAE96,UAE334,2026-07-09T02:50:00+00:00,2026-07-09T04:50:00+00:00,120.0,1.0,163200.0
HKG,LIS,813.0,200.0,UAE381,UAE191,2026-07-07T01:25:00+00:00,2026-07-07T03:25:00+00:00,120.0,1.0,162600.0
LHR,PEK,837.0,200.0,UAE6,UAE308,2026-07-07T04:35:00+00:00,2026-07-07T06:40:00+00:00,125.0,0.9708,162517.5
CMB,LHR,885.0,200.0,UAE649,UAE1,2026-07-08T01:50:00+00:00,2026-07-08T03:45:00+00:00,115.0,0.9167,162250.0
COK,MAN,829.0,200.0,UAE531,UAE19,2026-07-07T08:45:00+00:00,2026-07-07T10:50:00+00:00,125.0,0.9708,160964.17
ZRH,BKK,804.0,200.0,UAE88,UAE384,2026-07-12T20:45:00+00:00,2026-07-12T22:45:00+00:00,120.0,1.0,160800.0
ATH,HND,130.0,1236.81,UAE104,UAE312,2026-07-12T01:50:00+00:00,2026-07-12T03:50:00+00:00,120.0,1.0,160785.81
MXP,KUL,881.0,200.0,UAE92,UAE342,2026-07-11T03:10:00+00:00,2026-07-11T05:25:00+00:00,135.0,0.9125,160782.5
LHR,BLR,803.0,200.0,UAE8,UAE568,2026-07-08T15:15:00+00:00,2026-07-08T17:15:00+00:00,120.0,1.0,160600.0
LHR,DAR,803.0,200.0,UAE4,UAE725,2026-07-08T02:30:00+00:00,2026-07-08T04:30:00+00:00,120.0,1.0,160600.0
ICN,GRU,823.0,200.0,UAE323,UAE261,2026-07-07T01:25:00+00:00,2026-07-07T03:30:00+00:00,125.0,0.9708,159799.17
TPE,ARN,823.0,200.0,UAE387,UAE157,2026-07-10T02:05:00+00:00,2026-07-10T04:10:00+00:00,125.0,0.9708,159799.17
BCN,MNL,798.0,200.0,UAE186,UAE332,2026-07-09T21:10:00+00:00,2026-07-09T23:10:00+00:00,120.0,1.0,159600.0
DEL,LHR,798.0,200.0,UAE511,UAE5,2026-07-09T09:45:00+00:00,2026-07-09T11:45:00+00:00,120.0,1.0,159600.0
AKL,BCN,137.0,1357.57,UAE449,UAE185,2026-07-08T01:35:00+00:00,2026-07-08T04:00:00+00:00,145.0,0.8542,158863.49
LHR,SGN,794.0,200.0,UAE6,UAE392,2026-07-07T04:35:00+00:00,2026-07-07T06:35:00+00:00,120.0,1.0,158800.0
AKL,GVA,103.0,1540.74,UAE449,UAE89,2026-07-10T02:35:00+00:00,2026-07-10T04:35:00+00:00,120.0,1.0,158696.18
FRA,BLR,924.0,200.0,UAE46,UAE564,2026-07-12T19:55:00+00:00,2026-07-12T22:20:00+00:00,145.0,0.8542,157850.0
BCN,TPE,789.0,200.0,UAE186,UAE366,2026-07-12T20:45:00+00:00,2026-07-12T22:45:00+00:00,120.0,1.0,157800.0
SYD,LGW,835.0,200.0,UAE413,UAE15,2026-07-07T01:15:00+00:00,2026-07-07T03:25:00+00:00,130.0,0.9417,157258.33
AMD,JFK,786.0,200.0,UAE539,UAE201,2026-07-10T02:15:00+00:00,2026-07-10T04:15:00+00:00,120.0,1.0,157200.0
AMS,SYD,785.0,200.0,UAE148,UAE414,2026-07-08T19:55:00+00:00,2026-07-08T21:55:00+00:00,120.0,1.0,157000.0
BLR,SEA,785.0,200.0,UAE569,UAE229,2026-07-10T03:05:00+00:00,2026-07-10T05:05:00+00:00,120.0,1.0,157000.0
IST,ICN,827.0,200.0,UAE122,UAE324,2026-07-07T22:10:00+00:00,2026-07-08T00:20:00+00:00,130.0,0.9417,155751.67
MAD,KIX,778.0,200.0,UAE142,UAE316,2026-07-08T20:35:00+00:00,2026-07-08T22:35:00+00:00,120.0,1.0,155600.0
MEL,MAN,801.0,200.0,UAE407,UAE17,2026-07-12T01:15:00+00:00,2026-07-12T03:20:00+00:00,125.0,0.9708,155527.5
MUC,BKK,847.0,200.0,UAE50,UAE384,2026-07-09T20:50:00+00:00,2026-07-09T22:45:00+00:00,115.0,0.9167,155283.33
GVA,MRU,824.0,200.0,UAE90,UAE701,2026-07-12T20:10:00+00:00,2026-07-12T22:20:00+00:00,130.0,0.9417,155186.67
DUS,MLE,775.0,200.0,UAE56,UAE656,2026-07-07T20:30:00+00:00,2026-07-07T22:30:00+00:00,120.0,1.0,155000.0
LYS,DPS,775.0,200.0,UAE82,UAE368,2026-07-12T20:10:00+00:00,2026-07-12T22:10:00+00:00,120.0,1.0,155000.0
DEL,CDG,796.0,200.0,UAE513,UAE73,2026-07-09T02:25:00+00:00,2026-07-09T04:30:00+00:00,125.0,0.9708,154556.67
LIS,DEL,772.0,200.0,UAE194,UAE516,2026-07-08T04:05:00+00:00,2026-07-08T06:05:00+00:00,120.0,1.0,154400.0
FCO,ICN,770.0,200.0,UAE98,UAE322,2026-07-09T20:45:00+00:00,2026-07-09T22:45:00+00:00,120.0,1.0,154000.0
LAX,DEL,770.0,200.0,UAE216,UAE512,2026-07-10T16:00:00+00:00,2026-07-10T18:00:00+00:00,120.0,1.0,154000.0
SEZ,DME,770.0,200.0,UAE706,UAE131,2026-07-08T08:45:00+00:00,2026-07-08T10:45:00+00:00,120.0,1.0,154000.0
CDG,SEZ,793.0,200.0,UAE76,UAE707,2026-07-11T02:50:00+00:00,2026-07-11T04:55:00+00:00,125.0,0.9708,153974.17
SIN,CDG,814.0,200.0,UAE315,UAE75,2026-07-06T09:00:00+00:00,2026-07-06T11:10:00+00:00,130.0,0.9417,153303.33
KUL,IST,789.0,200.0,UAE345,UAE121,2026-07-07T08:50:00+00:00,2026-07-07T10:55:00+00:00,125.0,0.9708,153197.5
SIN,FCO,764.0,200.0,UAE315,UAE95,2026-07-07T09:45:00+00:00,2026-07-07T11:45:00+00:00,120.0,1.0,152800.0
ORD,MAA,763.0,200.0,UAE236,UAE542,2026-07-08T15:20:00+00:00,2026-07-08T17:20:00+00:00,120.0,1.0,152600.0
HAM,DPS,784.0,200.0,UAE60,UAE368,2026-07-12T20:05:00+00:00,2026-07-12T22:10:00+00:00,125.0,0.9708,152226.67
WAW,DPS,759.0,200.0,UAE180,UAE368,2026-07-12T20:10:00+00:00,2026-07-12T22:10:00+00:00,120.0,1.0,151800.0
CMB,FRA,756.0,200.0,UAE655,UAE43,2026-07-12T21:25:00+00:00,2026-07-12T23:25:00+00:00,120.0,1.0,151200.0
MAN,MEL,756.0,200.0,UAE18,UAE408,2026-07-11T20:25:00+00:00,2026-07-11T22:25:00+00:00,120.0,1.0,151200.0
ARN,SYD,172.0,875.66,UAE158,UAE414,2026-07-08T19:55:00+00:00,2026-07-08T21:55:00+00:00,120.0,1.0,150613.56
FCO,PER,753.0,200.0,UAE98,UAE420,2026-07-09T20:45:00+00:00,2026-07-09T22:45:00+00:00,120.0,1.0,150600.0
LIS,DAC,752.0,200.0,UAE194,UAE586,2026-07-11T04:05:00+00:00,2026-07-11T06:05:00+00:00,120.0,1.0,150400.0
AKL,STN,159.0,1229.11,UAE449,UAE65,2026-07-08T01:35:00+00:00,2026-07-08T04:15:00+00:00,160.0,0.7667,149829.1
DME,DEL,746.0,200.0,UAE132,UAE516,2026-07-11T03:45:00+00:00,2026-07-11T05:45:00+00:00,120.0,1.0,149200.0
GLA,BKK,746.0,200.0,UAE28,UAE376,2026-07-09T21:50:00+00:00,2026-07-09T23:50:00+00:00,120.0,1.0,149200.0
AMS,MEL,745.0,200.0,UAE150,UAE406,2026-07-07T03:20:00+00:00,2026-07-07T05:20:00+00:00,120.0,1.0,149000.0
PER,LHR,744.0,200.0,UAE421,UAE1,2026-07-11T01:15:00+00:00,2026-07-11T03:15:00+00:00,120.0,1.0,148800.0
GVA,BKK,842.0,200.0,UAE90,UAE384,2026-07-09T20:25:00+00:00,2026-07-09T22:45:00+00:00,140.0,0.8833,148753.33
SGN,CDG,970.0,200.0,UAE393,UAE73,2026-07-10T00:45:00+00:00,2026-07-10T03:25:00+00:00,160.0,0.7667,148733.33
AKL,MXP,126.0,1179.62,UAE449,UAE205,2026-07-09T02:35:00+00:00,2026-07-09T04:35:00+00:00,120.0,1.0,148631.95
LYS,BKK,743.0,200.0,UAE82,UAE384,2026-07-11T20:50:00+00:00,2026-07-11T22:50:00+00:00,120.0,1.0,148600.0
TPE,LIS,742.0,200.0,UAE367,UAE191,2026-07-07T01:25:00+00:00,2026-07-07T03:25:00+00:00,120.0,1.0,148400.0
LAX,BOM,741.0,200.0,UAE216,UAE500,2026-07-08T16:00:00+00:00,2026-07-08T18:00:00+00:00,120.0,1.0,148200.0
DUB,BKK,740.0,200.0,UAE162,UAE384,2026-07-07T20:50:00+00:00,2026-07-07T22:50:00+00:00,120.0,1.0,148000.0
LHR,ISB,740.0,200.0,UAE2,UAE612,2026-07-08T20:35:00+00:00,2026-07-08T22:35:00+00:00,120.0,1.0,148000.0
MAD,PVG,738.0,200.0,UAE144,UAE304,2026-07-08T03:15:00+00:00,2026-07-08T05:15:00+00:00,120.0,1.0,147600.0
BRU,MNL,894.0,200.0,UAE182,UAE334,2026-07-10T02:35:00+00:00,2026-07-10T05:05:00+00:00,150.0,0.825,147510.0
VIE,CMB,736.0,200.0,UAE128,UAE650,2026-07-09T20:30:00+00:00,2026-07-09T22:30:00+00:00,120.0,1.0,147200.0
BOM,LGW,735.0,200.0,UAE501,UAE15,2026-07-08T02:00:00+00:00,2026-07-08T04:00:00+00:00,120.0,1.0,147000.0
BKK,BHX,734.0,200.0,UAE377,UAE39,2026-07-10T02:00:00+00:00,2026-07-10T04:00:00+00:00,120.0,1.0,146800.0
IAH,DEL,732.0,200.0,UAE212,UAE512,2026-07-12T16:00:00+00:00,2026-07-12T18:00:00+00:00,120.0,1.0,146400.0
ACC,PVG,250.0,583.82,UAE788,UAE304,2026-07-08T03:15:00+00:00,2026-07-08T05:15:00+00:00,120.0,1.0,145955.5
BUD,MLE,729.0,200.0,UAE112,UAE656,2026-07-12T20:40:00+00:00,2026-07-12T22:40:00+00:00,120.0,1.0,145800.0
YYZ,KHI,729.0,200.0,UAE242,UAE608,2026-07-09T08:00:00+00:00,2026-07-09T10:00:00+00:00,120.0,1.0,145800.0
LHR,CPT,728.0,200.0,UAE6,UAE778,2026-07-10T04:25:00+00:00,2026-07-10T06:25:00+00:00,120.0,1.0,145600.0
DPS,CPH,749.0,200.0,UAE399,UAE151,2026-07-07T02:10:00+00:00,2026-07-07T04:15:00+00:00,125.0,0.9708,145430.83
AMS,JNB,727.0,200.0,UAE150,UAE763,2026-07-12T02:55:00+00:00,2026-07-12T04:55:00+00:00,120.0,1.0,145400.0
DUS,MRU,771.0,200.0,UAE56,UAE701,2026-07-12T20:10:00+00:00,2026-07-12T22:20:00+00:00,130.0,0.9417,145205.0
MAN,SYD,726.0,200.0,UAE22,UAE416,2026-07-06T15:40:00+00:00,2026-07-06T17:40:00+00:00,120.0,1.0,145200.0
IAD,BOM,722.0,200.0,UAE232,UAE506,2026-07-11T03:40:00+00:00,2026-07-11T05:40:00+00:00,120.0,1.0,144400.0
DEL,AMS,721.0,200.0,UAE511,UAE149,2026-07-06T09:00:00+00:00,2026-07-06T11:00:00+00:00,120.0,1.0,144200.0
FRA,SYD,721.0,200.0,UAE44,UAE416,2026-07-10T15:50:00+00:00,2026-07-10T17:50:00+00:00,120.0,1.0,144200.0
MAA,LGW,786.0,200.0,UAE547,UAE11,2026-07-12T20:40:00+00:00,2026-07-12T22:35:00+00:00,115.0,0.9167,144100.0
SEZ,FRA,720.0,200.0,UAE706,UAE47,2026-07-06T09:00:00+00:00,2026-07-06T11:00:00+00:00,120.0,1.0,144000.0
BNE,MAN,719.0,200.0,UAE435,UAE17,2026-07-07T01:25:00+00:00,2026-07-07T03:25:00+00:00,120.0,1.0,143800.0
YYZ,BOM,718.0,200.0,UAE242,UAE502,2026-07-07T07:05:00+00:00,2026-07-07T09:05:00+00:00,120.0,1.0,143600.0
SYD,MAN,739.0,200.0,UAE413,UAE17,2026-07-12T01:15:00+00:00,2026-07-12T03:20:00+00:00,125.0,0.9708,143489.17
JNB,LHR,715.0,200.0,UAE766,UAE29,2026-07-09T03:40:00+00:00,2026-07-09T05:40:00+00:00,120.0,1.0,143000.0
CDG,MNL,714.0,200.0,UAE76,UAE334,2026-07-12T03:15:00+00:00,2026-07-12T05:15:00+00:00,120.0,1.0,142800.0
ICN,FCO,835.0,200.0,UAE323,UAE97,2026-07-07T01:25:00+00:00,2026-07-07T03:50:00+00:00,145.0,0.8542,142645.83
BOM,IAD,716.0,200.0,UAE509,UAE231,2026-07-08T19:59:00+00:00,2026-07-08T22:00:00+00:00,121.0,0.9942,142364.67
VIE,HKG,732.0,200.0,UAE128,UAE382,2026-07-12T20:15:00+00:00,2026-07-12T22:20:00+00:00,125.0,0.9708,142130.0
ADL,MAN,189.0,751.62,UAE441,UAE17,2026-07-10T01:35:00+00:00,2026-07-10T03:35:00+00:00,120.0,1.0,142056.1
KUL,FRA,710.0,200.0,UAE345,UAE47,2026-07-06T09:00:00+00:00,2026-07-06T11:00:00+00:00,120.0,1.0,142000.0
MUC,BLR,709.0,200.0,UAE50,UAE564,2026-07-12T20:20:00+00:00,2026-07-12T22:20:00+00:00,120.0,1.0,141800.0
COK,LHR,772.0,200.0,UAE533,UAE29,2026-07-12T03:45:00+00:00,2026-07-12T05:40:00+00:00,115.0,0.9167,141533.33
DPS,BCN,707.0,200.0,UAE399,UAE185,2026-07-12T02:00:00+00:00,2026-07-12T04:00:00+00:00,120.0,1.0,141400.0
BNE,LGW,706.0,200.0,UAE435,UAE15,2026-07-07T01:25:00+00:00,2026-07-07T03:25:00+00:00,120.0,1.0,141200.0
JNB,AMS,706.0,200.0,UAE764,UAE147,2026-07-12T01:50:00+00:00,2026-07-12T03:50:00+00:00,120.0,1.0,141200.0
MAN,JNB,705.0,200.0,UAE20,UAE763,2026-07-10T03:55:00+00:00,2026-07-10T05:55:00+00:00,120.0,1.0,141000.0
IST,MNL,704.0,200.0,UAE122,UAE332,2026-07-12T21:10:00+00:00,2026-07-12T23:10:00+00:00,120.0,1.0,140800.0
SIN,GLA,703.0,200.0,UAE349,UAE27,2026-07-10T00:50:00+00:00,2026-07-10T02:50:00+00:00,120.0,1.0,140600.0
STN,CMB,766.0,200.0,UAE66,UAE650,2026-07-12T20:50:00+00:00,2026-07-12T22:45:00+00:00,115.0,0.9167,140433.33
LYS,MRU,723.0,200.0,UAE82,UAE701,2026-07-11T20:50:00+00:00,2026-07-11T22:55:00+00:00,125.0,0.9708,140382.5
DUR,LHR,744.0,200.0,UAE776,UAE1,2026-07-11T01:05:00+00:00,2026-07-11T03:15:00+00:00,130.0,0.9417,140120.0
DEL,ZRH,721.0,200.0,UAE511,UAE85,2026-07-10T09:00:00+00:00,2026-07-10T11:05:00+00:00,125.0,0.9708,139994.17
HAM,SIN,764.0,200.0,UAE60,UAE348,2026-07-06T20:05:00+00:00,2026-07-06T22:20:00+00:00,135.0,0.9125,139430.0
BKK,DUB,740.0,200.0,UAE375,UAE163,2026-07-06T09:00:00+00:00,2026-07-06T11:10:00+00:00,130.0,0.9417,139366.67
BLR,IAD,717.0,200.0,UAE567,UAE231,2026-07-09T19:20:00+00:00,2026-07-09T21:25:00+00:00,125.0,0.9708,139217.5
MRU,BRU,696.0,200.0,UAE704,UAE183,2026-07-07T01:25:00+00:00,2026-07-07T03:25:00+00:00,120.0,1.0,139200.0
FCO,KUL,694.0,200.0,UAE98,UAE346,2026-07-09T20:45:00+00:00,2026-07-09T22:45:00+00:00,120.0,1.0,138800.0
LHE,MAN,692.0,200.0,UAE625,UAE19,2026-07-10T08:30:00+00:00,2026-07-10T10:30:00+00:00,120.0,1.0,138400.0
HYD,MCO,689.0,200.0,UAE529,UAE219,2026-07-08T20:15:00+00:00,2026-07-08T22:15:00+00:00,120.0,1.0,137800.0
SYD,CDG,729.0,200.0,UAE413,UAE73,2026-07-07T01:15:00+00:00,2026-07-07T03:25:00+00:00,130.0,0.9417,137295.0
BNE,DUB,686.0,200.0,UAE435,UAE161,2026-07-07T01:25:00+00:00,2026-07-07T03:25:00+00:00,120.0,1.0,137200.0
HYD,BOS,686.0,200.0,UAE525,UAE237,2026-07-12T02:45:00+00:00,2026-07-12T04:45:00+00:00,120.0,1.0,137200.0
LAX,HYD,686.0,200.0,UAE216,UAE524,2026-07-11T15:50:00+00:00,2026-07-11T17:50:00+00:00,120.0,1.0,137200.0
AKL,HAM,151.0,908.43,UAE449,UAE59,2026-07-10T02:35:00+00:00,2026-07-10T04:35:00+00:00,120.0,1.0,137173.03
DUS,SIN,727.0,200.0,UAE56,UAE348,2026-07-10T20:10:00+00:00,2026-07-10T22:20:00+00:00,130.0,0.9417,136918.33
OSL,BKK,684.0,200.0,UAE160,UAE384,2026-07-09T20:45:00+00:00,2026-07-09T22:45:00+00:00,120.0,1.0,136800.0
CDG,HKG,683.0,200.0,UAE74,UAE382,2026-07-12T20:20:00+00:00,2026-07-12T22:20:00+00:00,120.0,1.0,136600.0
HYD,SEA,703.0,200.0,UAE525,UAE229,2026-07-09T02:45:00+00:00,2026-07-09T04:50:00+00:00,125.0,0.9708,136499.17
MRU,DUS,703.0,200.0,UAE704,UAE55,2026-07-11T01:25:00+00:00,2026-07-11T03:30:00+00:00,125.0,0.9708,136499.17
HYD,LHR,682.0,200.0,UAE527,UAE3,2026-07-11T08:25:00+00:00,2026-07-11T10:25:00+00:00,120.0,1.0,136400.0
PER,MAN,682.0,200.0,UAE421,UAE17,2026-07-12T01:20:00+00:00,2026-07-12T03:20:00+00:00,120.0,1.0,136400.0
CAI,MLE,680.0,200.0,UAE924,UAE656,2026-07-12T20:40:00+00:00,2026-07-12T22:40:00+00:00,120.0,1.0,136000.0
HKG,FCO,792.0,200.0,UAE381,UAE97,2026-07-07T01:25:00+00:00,2026-07-07T03:50:00+00:00,145.0,0.8542,135300.0
SFO,AMD,764.0,200.0,UAE226,UAE538,2026-07-12T16:30:00+00:00,2026-07-12T18:50:00+00:00,140.0,0.8833,134973.33
HAM,CMB,762.0,200.0,UAE60,UAE650,2026-07-08T20:10:00+00:00,2026-07-08T22:30:00+00:00,140.0,0.8833,134620.0
MRU,GVA,673.0,200.0,UAE704,UAE89,2026-07-07T01:25:00+00:00,2026-07-07T03:25:00+00:00,120.0,1.0,134600.0
ZRH,ICN,673.0,200.0,UAE88,UAE322,2026-07-09T20:45:00+00:00,2026-07-09T22:45:00+00:00,120.0,1.0,134600.0
BOM,LAX,672.0,200.0,UAE501,UAE215,2026-07-12T02:25:00+00:00,2026-07-12T04:25:00+00:00,120.0,1.0,134400.0
MXP,BKK,733.0,200.0,UAE92,UAE370,2026-07-10T03:05:00+00:00,2026-07-10T05:00:00+00:00,115.0,0.9167,134383.33
FCO,BNE,947.0,200.0,UAE96,UAE434,2026-07-09T02:50:00+00:00,2026-07-09T05:40:00+00:00,170.0,0.7083,134158.33
LED,MLE,670.0,200.0,UAE176,UAE652,2026-07-09T03:45:00+00:00,2026-07-09T05:45:00+00:00,120.0,1.0,134000.0
SIN,MAN,810.0,200.0,UAE349,UAE17,2026-07-12T00:50:00+00:00,2026-07-12T03:20:00+00:00,150.0,0.825,133650.0
BHX,MRU,668.0,200.0,UAE40,UAE701,2026-07-11T20:55:00+00:00,2026-07-11T22:55:00+00:00,120.0,1.0,133600.0
BOM,SEA,781.0,200.0,UAE501,UAE229,2026-07-10T02:40:00+00:00,2026-07-10T05:05:00+00:00,145.0,0.8542,133420.83
AKL,MUC,135.0,987.09,UAE449,UAE49,2026-07-10T02:35:00+00:00,2026-07-10T04:35:00+00:00,120.0,1.0,133257.27
MEL,AMS,754.0,200.0,UAE407,UAE147,2026-07-08T01:15:00+00:00,2026-07-08T03:35:00+00:00,140.0,0.8833,133206.67
BOM,CDG,707.0,200.0,UAE501,UAE73,2026-07-09T02:20:00+00:00,2026-07-09T04:30:00+00:00,130.0,0.9417,133151.67
MXP,SIN,867.0,200.0,UAE206,UAE348,2026-07-06T19:40:00+00:00,2026-07-06T22:20:00+00:00,160.0,0.7667,132940.0
LIS,HKG,663.0,200.0,UAE192,UAE382,2026-07-09T21:15:00+00:00,2026-07-09T23:15:00+00:00,120.0,1.0,132600.0
CPH,BKK,658.0,200.0,UAE152,UAE384,2026-07-12T20:45:00+00:00,2026-07-12T22:45:00+00:00,120.0,1.0,131600.0
BCN,SYD,656.0,200.0,UAE256,UAE414,2026-07-11T20:15:00+00:00,2026-07-11T22:15:00+00:00,120.0,1.0,131200.0
MAN,MLE,656.0,200.0,UAE18,UAE656,2026-07-06T20:25:00+00:00,2026-07-06T22:25:00+00:00,120.0,1.0,131200.0
NRT,BCN,656.0,200.0,UAE319,UAE185,2026-07-07T01:05:00+00:00,2026-07-07T03:05:00+00:00,120.0,1.0,131200.0
MAD,ICN,655.0,200.0,UAE142,UAE322,2026-07-12T20:40:00+00:00,2026-07-12T22:40:00+00:00,120.0,1.0,131000.0
DPS,JFK,654.0,200.0,UAE399,UAE201,2026-07-12T02:00:00+00:00,2026-07-12T04:00:00+00:00,120.0,1.0,130800.0
MNL,BRU,654.0,200.0,UAE337,UAE181,2026-07-09T08:05:00+00:00,2026-07-09T10:05:00+00:00,120.0,1.0,130800.0
STN,BNE,713.0,200.0,UAE68,UAE434,2026-07-09T03:45:00+00:00,2026-07-09T05:40:00+00:00,115.0,0.9167,130716.67
MAD,SYD,653.0,200.0,UAE142,UAE414,2026-07-12T20:40:00+00:00,2026-07-12T22:40:00+00:00,120.0,1.0,130600.0
LGW,HYD,651.0,200.0,UAE12,UAE524,2026-07-12T16:00:00+00:00,2026-07-12T18:00:00+00:00,120.0,1.0,130200.0
DAC,VCE,816.0,200.0,UAE585,UAE135,2026-07-12T01:30:00+00:00,2026-07-12T04:05:00+00:00,155.0,0.7958,129880.0
BLR,CDG,734.0,200.0,UAE565,UAE75,2026-07-11T08:45:00+00:00,2026-07-11T11:05:00+00:00,140.0,0.8833,129673.33
MAD,SIN,667.0,200.0,UAE144,UAE352,2026-07-07T03:15:00+00:00,2026-07-07T05:20:00+00:00,125.0,0.9708,129509.17
DFW,BOM,647.0,200.0,UAE222,UAE502,2026-07-11T08:00:00+00:00,2026-07-11T10:00:00+00:00,120.0,1.0,129400.0
VCE,DAC,647.0,200.0,UAE136,UAE582,2026-07-06T19:40:00+00:00,2026-07-06T21:40:00+00:00,120.0,1.0,129400.0
IST,KUL,646.0,200.0,UAE122,UAE346,2026-07-11T21:10:00+00:00,2026-07-11T23:10:00+00:00,120.0,1.0,129200.0
LHR,CCU,646.0,200.0,UAE2,UAE570,2026-07-11T20:05:00+00:00,2026-07-11T22:05:00+00:00,120.0,1.0,129200.0
KIX,ZRH,664.0,200.0,UAE317,UAE87,2026-07-07T01:35:00+00:00,2026-07-07T03:40:00+00:00,125.0,0.9708,128926.67
KHI,JFK,642.0,200.0,UAE603,UAE203,2026-07-07T20:50:00+00:00,2026-07-07T22:50:00+00:00,120.0,1.0,128400.0
DEL,IAD,641.0,200.0,UAE515,UAE231,2026-07-06T20:05:00+00:00,2026-07-06T22:05:00+00:00,120.0,1.0,128200.0
BOM,MIA,642.0,200.0,UAE509,UAE213,2026-07-07T19:54:00+00:00,2026-07-07T21:55:00+00:00,121.0,0.9942,127651.0
BKK,ZRH,656.0,200.0,UAE375,UAE85,2026-07-11T09:00:00+00:00,2026-07-11T11:05:00+00:00,125.0,0.9708,127373.33
DAC,IAD,668.0,200.0,UAE587,UAE231,2026-07-09T19:15:00+00:00,2026-07-09T21:25:00+00:00,130.0,0.9417,125806.67
MRU,HAM,707.0,200.0,UAE704,UAE59,2026-07-11T01:25:00+00:00,2026-07-11T03:45:00+00:00,140.0,0.8833,124903.33
AMD,LHR,705.0,200.0,UAE539,UAE1,2026-07-12T01:25:00+00:00,2026-07-12T03:45:00+00:00,140.0,0.8833,124550.0
AKL,DUS,138.0,982.49,UAE449,UAE55,2026-07-10T02:35:00+00:00,2026-07-10T04:30:00+00:00,115.0,0.9167,124284.84
DEL,JFK,717.0,200.0,UAE515,UAE203,2026-07-06T20:05:00+00:00,2026-07-06T22:30:00+00:00,145.0,0.8542,122487.5
PEK,LGW,671.0,200.0,UAE307,UAE15,2026-07-08T01:45:00+00:00,2026-07-08T04:00:00+00:00,135.0,0.9125,122457.5
FRA,BKK,650.0,200.0,UAE48,UAE370,2026-07-11T02:50:00+00:00,2026-07-11T05:00:00+00:00,130.0,0.9417,122416.67
ADL,CDG,170.0,863.8,UAE441,UAE73,2026-07-10T01:35:00+00:00,2026-07-10T03:25:00+00:00,110.0,0.8333,122371.67
MNL,MAD,648.0,200.0,UAE337,UAE143,2026-07-07T08:20:00+00:00,2026-07-07T10:30:00+00:00,130.0,0.9417,122040.0
BOM,DFW,650.0,200.0,UAE509,UAE221,2026-07-08T19:59:00+00:00,2026-07-08T22:10:00+00:00,131.0,0.9358,121658.33
BRU,MRU,644.0,200.0,UAE184,UAE701,2026-07-12T20:10:00+00:00,2026-07-12T22:20:00+00:00,130.0,0.9417,121286.67
SGN,DME,762.0,200.0,UAE393,UAE133,2026-07-08T00:45:00+00:00,2026-07-08T03:20:00+00:00,155.0,0.7958,121285.0
LHR,LUN,708.0,200.0,UAE4,UAE713,2026-07-12T03:00:00+00:00,2026-07-12T05:25:00+00:00,145.0,0.8542,120950.0
HKG,VIE,725.0,200.0,UAE381,UAE127,2026-07-07T01:25:00+00:00,2026-07-07T03:55:00+00:00,150.0,0.825,119625.0
BRU,CMB,652.0,200.0,UAE184,UAE650,2026-07-09T20:35:00+00:00,2026-07-09T22:30:00+00:00,115.0,0.9167,119533.33
MNL,CDG,641.0,200.0,UAE337,UAE75,2026-07-12T08:25:00+00:00,2026-07-12T10:40:00+00:00,135.0,0.9125,116982.5
LHR,AMD,850.0,200.0,UAE8,UAE538,2026-07-11T15:10:00+00:00,2026-07-11T18:05:00+00:00,175.0,0.6792,115458.33
BKK,DME,665.0,200.0,UAE377,UAE133,2026-07-10T02:00:00+00:00,2026-07-10T04:30:00+00:00,150.0,0.825,109725.0
PEK,NBO,1010.0,200.0,UAE309,UAE721,2026-07-12T07:35:00+00:00,2026-07-12T10:55:00+00:00,200.0,0.5333,107733.33
MRU,VIE,646.0,200.0,UAE704,UAE127,2026-07-07T01:25:00+00:00,2026-07-07T03:55:00+00:00,150.0,0.825,106590.0
MXP,SYD,660.0,200.0,UAE206,UAE414,2026-07-06T19:40:00+00:00,2026-07-06T22:15:00+00:00,155.0,0.7958,105050.0
ICN,BCN,645.0,200.0,UAE323,UAE185,2026-07-12T01:25:00+00:00,2026-07-12T04:00:00+00:00,155.0,0.7958,102662.5
DEL,BHX,731.0,200.0,UAE513,UAE39,2026-07-10T02:20:00+00:00,2026-07-10T04:00:00+00:00,100.0,0.6667,97466.67
MNL,CAI,686.0,200.0,UAE337,UAE923,2026-07-12T08:25:00+00:00,2026-07-12T11:15:00+00:00,170.0,0.7083,97183.33
MUC,SGN,662.0,200.0,UAE52,UAE392,2026-07-12T02:45:00+00:00,2026-07-12T05:35:00+00:00,170.0,0.7083,93783.33
MXP,MEL,685.0,200.0,UAE92,UAE406,2026-07-11T03:10:00+00:00,2026-07-11T06:05:00+00:00,175.0,0.6792,93045.83
AMD,IAH,158.0,826.17,UAE539,UAE211,2026-07-09T02:10:00+00:00,2026-07-09T05:00:00+00:00,170.0,0.7083,92461.82
CPH,DPS,661.0,200.0,UAE152,UAE368,2026-07-09T20:10:00+00:00,2026-07-09T23:05:00+00:00,175.0,0.6792,89785.83
CDG,AKL,688.0,200.0,UAE76,UAE448,2026-07-12T03:15:00+00:00,2026-07-12T06:15:00+00:00,180.0,0.65,89440.0
DPS,BUD,728.0,200.0,UAE399,UAE111,2026-07-10T02:35:00+00:00,2026-07-10T05:45:00+00:00,190.0,0.5917,86146.67
ACC,PEK,299.0,545.14,UAE788,UAE308,2026-07-08T03:15:00+00:00,2026-07-08T06:40:00+00:00,205.0,0.5042,82177.11
HAM,SGN,745.0,200.0,UAE62,UAE392,2026-07-12T02:15:00+00:00,2026-07-12T05:35:00+00:00,200.0,0.5333,79466.67
IST,MEL,642.0,200.0,UAE122,UAE408,2026-07-09T21:10:00+00:00,2026-07-09T22:45:00+00:00,95.0,0.5833,74900.0
MXP,CGK,740.0,200.0,UAE92,UAE358,2026-07-08T02:20:00+00:00,2026-07-08T05:50:00+00:00,210.0,0.475,70300.0
COK,JFK,823.0,200.0,UAE533,UAE201,2026-07-10T02:50:00+00:00,2026-07-10T04:15:00+00:00,85.0,0.4167,68583.33
CAN,LOS,1288.0,200.0,UAE363,UAE783,2026-07-08T01:00:00+00:00,2026-07-08T05:15:00+00:00,255.0,0.2625,67620.0
ADL,ATH,251.0,822.61,UAE441,UAE209,2026-07-09T02:40:00+00:00,2026-07-09T06:50:00+00:00,250.0,0.275,56780.5
ICN,IST,834.0,200.0,UAE323,UAE123,2026-07-12T01:25:00+00:00,2026-07-12T05:25:00+00:00,240.0,0.3,50040.0
AKL,ATH,121.0,1347.33,UAE449,UAE209,2026-07-09T02:35:00+00:00,2026-07-09T06:50:00+00:00,255.0,0.2625,42794.67
ATH,BNE,895.0,200.0,UAE104,UAE434,2026-07-12T01:50:00+00:00,2026-07-12T06:35:00+00:00,285.0,0.1875,33562.5
ADD,PEK,184.0,763.77,UAE724,UAE306,2026-07-10T18:15:00+00:00,2026-07-10T22:50:00+00:00,275.0,0.2125,29863.45
IAD,BLR,648.0,200.0,UAE232,UAE566,2026-07-09T05:15:00+00:00,2026-07-09T09:45:00+00:00,270.0,0.225,29160.0
IAD,HYD,2405.0,200.0,UAE232,UAE528,2026-07-09T05:15:00+00:00,2026-07-09T11:00:00+00:00,345.0,0.0375,18037.5
JFK,KHI,819.0,200.0,UAE204,UAE608,2026-07-09T04:40:00+00:00,2026-07-09T10:00:00+00:00,320.0,0.1,16380.0
IAD,MAA,1045.0,200.0,UAE232,UAE546,2026-07-09T05:15:00+00:00,2026-07-09T10:50:00+00:00,335.0,0.0625,13062.5
