tf,day_idx,dow,time_utc,contact_capacity,initial_contact_served,final_contact_served,delta_final_minus_initial
0,0,Mon,00:00,66,0,0,0
1,0,Mon,00:05,66,0,0,0
2,0,Mon,00:10,66,0,0,0
3,0,Mon,00:15,66,0,0,0
4,0,Mon,00:20,66,0,0,0
5,0,Mon,00:25,66,0,0,0
6,0,Mon,00:30,66,0,0,0
7,0,Mon,00:35,66,0,0,0
8,0,Mon,00:40,66,0,0,0
9,0,Mon,00:45,66,0,0,0
10,0,Mon,00:50,66,0,0,0
11,0,Mon,00:55,66,0,0,0
12,0,Mon,01:00,66,0,0,0
13,0,Mon,01:05,66,0,0,0
14,0,Mon,01:10,66,0,0,0
15,0,Mon,01:15,66,0,0,0
16,0,Mon,01:20,66,0,0,0
17,0,Mon,01:25,66,0,0,0
18,0,Mon,01:30,66,0,0,0
19,0,Mon,01:35,66,0,0,0
20,0,Mon,01:40,66,0,0,0
21,0,Mon,01:45,66,0,0,0
22,0,Mon,01:50,66,0,0,0
23,0,Mon,01:55,66,1,1,0
24,0,Mon,02:00,66,1,1,0
25,0,Mon,02:05,66,1,1,0
26,0,Mon,02:10,66,1,1,0
27,0,Mon,02:15,66,1,1,0
28,0,Mon,02:20,66,1,1,0
29,0,Mon,02:25,66,1,1,0
30,0,Mon,02:30,66,1,1,0
31,0,Mon,02:35,66,1,1,0
32,0,Mon,02:40,66,2,2,0
33,0,Mon,02:45,66,2,2,0
34,0,Mon,02:50,66,2,2,0
35,0,Mon,02:55,66,2,2,0
36,0,Mon,03:00,66,3,3,0
37,0,Mon,03:05,66,3,3,0
38,0,Mon,03:10,66,3,3,0
39,0,Mon,03:15,66,3,3,0
40,0,Mon,03:20,66,3,3,0
41,0,Mon,03:25,66,3,3,0
42,0,Mon,03:30,66,3,3,0
43,0,Mon,03:35,66,3,3,0
44,0,Mon,03:40,66,3,3,0
45,0,Mon,03:45,66,3,3,0
46,0,Mon,03:50,66,3,3,0
47,0,Mon,03:55,66,4,4,0
48,0,Mon,04:00,66,4,4,0
49,0,Mon,04:05,66,4,4,0
50,0,Mon,04:10,66,4,4,0
51,0,Mon,04:15,66,4,4,0
52,0,Mon,04:20,66,4,4,0
53,0,Mon,04:25,66,4,4,0
54,0,Mon,04:30,66,4,4,0
55,0,Mon,04:35,66,4,4,0
56,0,Mon,04:40,66,4,4,0
57,0,Mon,04:45,66,4,4,0
58,0,Mon,04:50,66,4,4,0
59,0,Mon,04:55,66,4,4,0
60,0,Mon,05:00,66,4,4,0
61,0,Mon,05:05,66,4,4,0
62,0,Mon,05:10,66,4,4,0
63,0,Mon,05:15,66,4,4,0
64,0,Mon,05:20,66,4,4,0
65,0,Mon,05:25,66,4,4,0
66,0,Mon,05:30,66,4,4,0
67,0,Mon,05:35,66,3,3,0
68,0,Mon,05:40,66,3,3,0
69,0,Mon,05:45,66,3,3,0
70,0,Mon,05:50,66,3,3,0
71,0,Mon,05:55,66,3,3,0
72,0,Mon,06:00,66,3,3,0
73,0,Mon,06:05,66,3,3,0
74,0,Mon,06:10,66,3,3,0
75,0,Mon,06:15,66,2,2,0
76,0,Mon,06:20,66,2,2,0
77,0,Mon,06:25,66,2,2,0
78,0,Mon,06:30,66,2,2,0
79,0,Mon,06:35,66,2,2,0
80,0,Mon,06:40,66,2,2,0
81,0,Mon,06:45,66,2,2,0
82,0,Mon,06:50,66,2,2,0
83,0,Mon,06:55,66,2,2,0
84,0,Mon,07:00,66,2,2,0
85,0,Mon,07:05,66,2,2,0
86,0,Mon,07:10,66,2,2,0
87,0,Mon,07:15,66,2,2,0
88,0,Mon,07:20,66,2,2,0
89,0,Mon,07:25,66,3,3,0
90,0,Mon,07:30,66,3,3,0
91,0,Mon,07:35,66,4,4,0
92,0,Mon,07:40,66,4,4,0
93,0,Mon,07:45,66,5,5,0
94,0,Mon,07:50,66,5,5,0
95,0,Mon,07:55,66,6,6,0
96,0,Mon,08:00,66,6,6,0
97,0,Mon,08:05,66,6,6,0
98,0,Mon,08:10,66,6,6,0
99,0,Mon,08:15,66,7,7,0
100,0,Mon,08:20,66,8,8,0
101,0,Mon,08:25,66,9,9,0
102,0,Mon,08:30,66,9,9,0
103,0,Mon,08:35,66,10,10,0
104,0,Mon,08:40,66,10,10,0
105,0,Mon,08:45,66,11,11,0
106,0,Mon,08:50,66,12,12,0
107,0,Mon,08:55,66,16,16,0
108,0,Mon,09:00,66,20,20,0
109,0,Mon,09:05,66,20,20,0
110,0,Mon,09:10,66,21,21,0
111,0,Mon,09:15,66,21,21,0
112,0,Mon,09:20,66,22,22,0
113,0,Mon,09:25,66,22,22,0
114,0,Mon,09:30,66,22,22,0
115,0,Mon,09:35,66,22,22,0
116,0,Mon,09:40,66,22,22,0
117,0,Mon,09:45,66,23,23,0
118,0,Mon,09:50,66,23,23,0
119,0,Mon,09:55,66,23,23,0
120,0,Mon,10:00,66,23,23,0
121,0,Mon,10:05,66,23,23,0
122,0,Mon,10:10,66,23,22,-1
123,0,Mon,10:15,66,23,22,-1
124,0,Mon,10:20,66,23,22,-1
125,0,Mon,10:25,66,20,19,-1
126,0,Mon,10:30,66,19,18,-1
127,0,Mon,10:35,66,18,17,-1
128,0,Mon,10:40,66,19,18,-1
129,0,Mon,10:45,66,19,18,-1
130,0,Mon,10:50,66,18,17,-1
131,0,Mon,10:55,66,17,16,-1
132,0,Mon,11:00,66,15,14,-1
133,0,Mon,11:05,66,14,13,-1
134,0,Mon,11:10,66,14,12,-2
135,0,Mon,11:15,66,14,12,-2
136,0,Mon,11:20,66,13,11,-2
137,0,Mon,11:25,66,12,10,-2
138,0,Mon,11:30,66,12,10,-2
139,0,Mon,11:35,66,12,10,-2
140,0,Mon,11:40,66,12,10,-2
141,0,Mon,11:45,66,11,9,-2
142,0,Mon,11:50,66,11,9,-2
143,0,Mon,11:55,66,11,9,-2
144,0,Mon,12:00,66,10,8,-2
145,0,Mon,12:05,66,10,8,-2
146,0,Mon,12:10,66,8,7,-1
147,0,Mon,12:15,66,8,7,-1
148,0,Mon,12:20,66,8,6,-2
149,0,Mon,12:25,66,8,6,-2
150,0,Mon,12:30,66,8,6,-2
151,0,Mon,12:35,66,8,6,-2
152,0,Mon,12:40,66,8,6,-2
153,0,Mon,12:45,66,6,4,-2
154,0,Mon,12:50,66,6,4,-2
155,0,Mon,12:55,66,6,4,-2
156,0,Mon,13:00,66,5,3,-2
157,0,Mon,13:05,66,5,3,-2
158,0,Mon,13:10,66,5,3,-2
159,0,Mon,13:15,66,5,3,-2
160,0,Mon,13:20,66,5,3,-2
161,0,Mon,13:25,66,5,3,-2
162,0,Mon,13:30,66,6,4,-2
163,0,Mon,13:35,66,7,5,-2
164,0,Mon,13:40,66,7,5,-2
165,0,Mon,13:45,66,7,5,-2
166,0,Mon,13:50,66,7,5,-2
167,0,Mon,13:55,66,7,5,-2
168,0,Mon,14:00,66,6,4,-2
169,0,Mon,14:05,66,6,4,-2
170,0,Mon,14:10,66,6,4,-2
171,0,Mon,14:15,66,6,4,-2
172,0,Mon,14:20,66,6,4,-2
173,0,Mon,14:25,66,7,5,-2
174,0,Mon,14:30,66,8,6,-2
175,0,Mon,14:35,66,8,6,-2
176,0,Mon,14:40,66,8,6,-2
177,0,Mon,14:45,66,8,6,-2
178,0,Mon,14:50,66,8,6,-2
179,0,Mon,14:55,66,8,6,-2
180,0,Mon,15:00,66,7,5,-2
181,0,Mon,15:05,66,6,5,-1
182,0,Mon,15:10,66,6,5,-1
183,0,Mon,15:15,66,7,6,-1
184,0,Mon,15:20,66,7,6,-1
185,0,Mon,15:25,66,8,7,-1
186,0,Mon,15:30,66,8,7,-1
187,0,Mon,15:35,66,9,8,-1
188,0,Mon,15:40,66,10,9,-1
189,0,Mon,15:45,66,11,10,-1
190,0,Mon,15:50,66,11,10,-1
191,0,Mon,15:55,66,11,10,-1
192,0,Mon,16:00,66,14,13,-1
193,0,Mon,16:05,66,14,13,-1
194,0,Mon,16:10,66,16,15,-1
195,0,Mon,16:15,66,17,16,-1
196,0,Mon,16:20,66,18,17,-1
197,0,Mon,16:25,66,19,18,-1
198,0,Mon,16:30,66,20,19,-1
199,0,Mon,16:35,66,20,19,-1
200,0,Mon,16:40,66,20,19,-1
201,0,Mon,16:45,66,20,19,-1
202,0,Mon,16:50,66,20,19,-1
203,0,Mon,16:55,66,20,19,-1
204,0,Mon,17:00,66,20,18,-2
205,0,Mon,17:05,66,18,16,-2
206,0,Mon,17:10,66,17,16,-1
207,0,Mon,17:15,66,19,17,-2
208,0,Mon,17:20,66,19,17,-2
209,0,Mon,17:25,66,19,16,-3
210,0,Mon,17:30,66,18,15,-3
211,0,Mon,17:35,66,18,15,-3
212,0,Mon,17:40,66,17,10,-7
213,0,Mon,17:45,66,16,9,-7
214,0,Mon,17:50,66,15,8,-7
215,0,Mon,17:55,66,15,8,-7
216,0,Mon,18:00,66,16,9,-7
217,0,Mon,18:05,66,16,9,-7
218,0,Mon,18:10,66,17,10,-7
219,0,Mon,18:15,66,17,10,-7
220,0,Mon,18:20,66,17,10,-7
221,0,Mon,18:25,66,17,10,-7
222,0,Mon,18:30,66,18,11,-7
223,0,Mon,18:35,66,18,11,-7
224,0,Mon,18:40,66,19,12,-7
225,0,Mon,18:45,66,19,12,-7
226,0,Mon,18:50,66,20,12,-8
227,0,Mon,18:55,66,21,13,-8
228,0,Mon,19:00,66,25,17,-8
229,0,Mon,19:05,66,26,18,-8
230,0,Mon,19:10,66,26,18,-8
231,0,Mon,19:15,66,26,18,-8
232,0,Mon,19:20,66,28,20,-8
233,0,Mon,19:25,66,29,21,-8
234,0,Mon,19:30,66,31,23,-8
235,0,Mon,19:35,66,32,24,-8
236,0,Mon,19:40,66,35,27,-8
237,0,Mon,19:45,66,38,30,-8
238,0,Mon,19:50,66,40,32,-8
239,0,Mon,19:55,66,43,35,-8
240,0,Mon,20:00,66,43,35,-8
241,0,Mon,20:05,66,46,38,-8
242,0,Mon,20:10,66,52,43,-9
243,0,Mon,20:15,66,51,42,-9
244,0,Mon,20:20,66,53,44,-9
245,0,Mon,20:25,66,53,45,-8
246,0,Mon,20:30,66,54,48,-6
247,0,Mon,20:35,66,57,51,-6
248,0,Mon,20:40,66,58,53,-5
249,0,Mon,20:45,66,62,57,-5
250,0,Mon,20:50,66,64,59,-5
251,0,Mon,20:55,66,66,61,-5
252,0,Mon,21:00,66,66,63,-3
253,0,Mon,21:05,66,65,62,-3
254,0,Mon,21:10,66,66,63,-3
255,0,Mon,21:15,66,66,64,-2
256,0,Mon,21:20,66,65,63,-2
257,0,Mon,21:25,66,65,63,-2
258,0,Mon,21:30,66,65,63,-2
259,0,Mon,21:35,66,64,62,-2
260,0,Mon,21:40,66,63,61,-2
261,0,Mon,21:45,66,63,61,-2
262,0,Mon,21:50,66,63,61,-2
263,0,Mon,21:55,66,62,60,-2
264,0,Mon,22:00,66,57,55,-2
265,0,Mon,22:05,66,55,53,-2
266,0,Mon,22:10,66,54,52,-2
267,0,Mon,22:15,66,51,49,-2
268,0,Mon,22:20,66,48,46,-2
269,0,Mon,22:25,66,48,46,-2
270,0,Mon,22:30,66,44,40,-4
271,0,Mon,22:35,66,42,38,-4
272,0,Mon,22:40,66,41,36,-5
273,0,Mon,22:45,66,40,35,-5
274,0,Mon,22:50,66,37,32,-5
275,0,Mon,22:55,66,37,32,-5
276,0,Mon,23:00,66,36,31,-5
277,0,Mon,23:05,66,36,31,-5
278,0,Mon,23:10,66,33,27,-6
279,0,Mon,23:15,66,32,26,-6
280,0,Mon,23:20,66,29,23,-6
281,0,Mon,23:25,66,28,22,-6
282,0,Mon,23:30,66,26,20,-6
283,0,Mon,23:35,66,26,20,-6
284,0,Mon,23:40,66,25,19,-6
285,0,Mon,23:45,66,25,18,-7
286,0,Mon,23:50,66,23,16,-7
287,0,Mon,23:55,66,22,15,-7
288,1,Tue,00:00,66,21,14,-7
289,1,Tue,00:05,66,21,14,-7
290,1,Tue,00:10,66,21,14,-7
291,1,Tue,00:15,66,21,14,-7
292,1,Tue,00:20,66,21,14,-7
293,1,Tue,00:25,66,24,17,-7
294,1,Tue,00:30,66,28,21,-7
295,1,Tue,00:35,66,30,23,-7
296,1,Tue,00:40,66,31,24,-7
297,1,Tue,00:45,66,33,26,-7
298,1,Tue,00:50,66,35,28,-7
299,1,Tue,00:55,66,35,28,-7
300,1,Tue,01:00,66,37,30,-7
301,1,Tue,01:05,66,40,33,-7
302,1,Tue,01:10,66,40,33,-7
303,1,Tue,01:15,66,42,35,-7
304,1,Tue,01:20,66,43,36,-7
305,1,Tue,01:25,66,45,38,-7
306,1,Tue,01:30,66,46,39,-7
307,1,Tue,01:35,66,46,39,-7
308,1,Tue,01:40,66,48,41,-7
309,1,Tue,01:45,66,50,43,-7
310,1,Tue,01:50,66,53,46,-7
311,1,Tue,01:55,66,53,49,-4
312,1,Tue,02:00,66,54,50,-4
313,1,Tue,02:05,66,53,49,-4
314,1,Tue,02:10,66,54,50,-4
315,1,Tue,02:15,66,55,52,-3
316,1,Tue,02:20,66,57,54,-3
317,1,Tue,02:25,66,57,55,-2
318,1,Tue,02:30,66,58,56,-2
319,1,Tue,02:35,66,57,55,-2
320,1,Tue,02:40,66,61,59,-2
321,1,Tue,02:45,66,61,59,-2
322,1,Tue,02:50,66,65,63,-2
323,1,Tue,02:55,66,65,63,-2
324,1,Tue,03:00,66,66,64,-2
325,1,Tue,03:05,66,66,66,0
326,1,Tue,03:10,66,65,65,0
327,1,Tue,03:15,66,66,66,0
328,1,Tue,03:20,66,66,66,0
329,1,Tue,03:25,66,63,64,1
330,1,Tue,03:30,66,63,64,1
331,1,Tue,03:35,66,62,63,1
332,1,Tue,03:40,66,62,62,0
333,1,Tue,03:45,66,59,60,1
334,1,Tue,03:50,66,57,59,2
335,1,Tue,03:55,66,58,59,1
336,1,Tue,04:00,66,56,59,3
337,1,Tue,04:05,66,58,61,3
338,1,Tue,04:10,66,57,60,3
339,1,Tue,04:15,66,56,59,3
340,1,Tue,04:20,66,54,56,2
341,1,Tue,04:25,66,54,56,2
342,1,Tue,04:30,66,53,56,3
343,1,Tue,04:35,66,55,56,1
344,1,Tue,04:40,66,52,53,1
345,1,Tue,04:45,66,51,50,-1
346,1,Tue,04:50,66,49,48,-1
347,1,Tue,04:55,66,47,45,-2
348,1,Tue,05:00,66,46,44,-2
349,1,Tue,05:05,66,46,43,-3
350,1,Tue,05:10,66,44,41,-3
351,1,Tue,05:15,66,43,40,-3
352,1,Tue,05:20,66,43,40,-3
353,1,Tue,05:25,66,42,39,-3
354,1,Tue,05:30,66,41,37,-4
355,1,Tue,05:35,66,40,36,-4
356,1,Tue,05:40,66,38,33,-5
357,1,Tue,05:45,66,36,31,-5
358,1,Tue,05:50,66,34,29,-5
359,1,Tue,05:55,66,32,27,-5
360,1,Tue,06:00,66,30,25,-5
361,1,Tue,06:05,66,29,24,-5
362,1,Tue,06:10,66,28,23,-5
363,1,Tue,06:15,66,25,19,-6
364,1,Tue,06:20,66,25,19,-6
365,1,Tue,06:25,66,22,16,-6
366,1,Tue,06:30,66,22,15,-7
367,1,Tue,06:35,66,20,13,-7
368,1,Tue,06:40,66,18,12,-6
369,1,Tue,06:45,66,17,11,-6
370,1,Tue,06:50,66,15,9,-6
371,1,Tue,06:55,66,15,9,-6
372,1,Tue,07:00,66,14,8,-6
373,1,Tue,07:05,66,14,8,-6
374,1,Tue,07:10,66,14,8,-6
375,1,Tue,07:15,66,14,8,-6
376,1,Tue,07:20,66,14,8,-6
377,1,Tue,07:25,66,13,7,-6
378,1,Tue,07:30,66,13,7,-6
379,1,Tue,07:35,66,15,9,-6
380,1,Tue,07:40,66,15,9,-6
381,1,Tue,07:45,66,16,10,-6
382,1,Tue,07:50,66,16,10,-6
383,1,Tue,07:55,66,17,11,-6
384,1,Tue,08:00,66,17,12,-5
385,1,Tue,08:05,66,18,13,-5
386,1,Tue,08:10,66,18,13,-5
387,1,Tue,08:15,66,20,15,-5
388,1,Tue,08:20,66,21,16,-5
389,1,Tue,08:25,66,22,17,-5
390,1,Tue,08:30,66,22,17,-5
391,1,Tue,08:35,66,24,19,-5
392,1,Tue,08:40,66,24,19,-5
393,1,Tue,08:45,66,25,20,-5
394,1,Tue,08:50,66,26,21,-5
395,1,Tue,08:55,66,30,25,-5
396,1,Tue,09:00,66,33,28,-5
397,1,Tue,09:05,66,34,31,-3
398,1,Tue,09:10,66,35,32,-3
399,1,Tue,09:15,66,36,33,-3
400,1,Tue,09:20,66,37,34,-3
401,1,Tue,09:25,66,39,35,-4
402,1,Tue,09:30,66,39,35,-4
403,1,Tue,09:35,66,39,35,-4
404,1,Tue,09:40,66,40,36,-4
405,1,Tue,09:45,66,39,35,-4
406,1,Tue,09:50,66,39,35,-4
407,1,Tue,09:55,66,38,34,-4
408,1,Tue,10:00,66,37,33,-4
409,1,Tue,10:05,66,37,33,-4
410,1,Tue,10:10,66,37,33,-4
411,1,Tue,10:15,66,38,34,-4
412,1,Tue,10:20,66,39,35,-4
413,1,Tue,10:25,66,35,31,-4
414,1,Tue,10:30,66,32,28,-4
415,1,Tue,10:35,66,30,26,-4
416,1,Tue,10:40,66,30,26,-4
417,1,Tue,10:45,66,31,27,-4
418,1,Tue,10:50,66,29,26,-3
419,1,Tue,10:55,66,29,25,-4
420,1,Tue,11:00,66,28,24,-4
421,1,Tue,11:05,66,27,23,-4
422,1,Tue,11:10,66,26,22,-4
423,1,Tue,11:15,66,25,21,-4
424,1,Tue,11:20,66,23,19,-4
425,1,Tue,11:25,66,22,18,-4
426,1,Tue,11:30,66,22,18,-4
427,1,Tue,11:35,66,21,17,-4
428,1,Tue,11:40,66,21,17,-4
429,1,Tue,11:45,66,18,13,-5
430,1,Tue,11:50,66,18,13,-5
431,1,Tue,11:55,66,17,12,-5
432,1,Tue,12:00,66,16,11,-5
433,1,Tue,12:05,66,16,11,-5
434,1,Tue,12:10,66,15,10,-5
435,1,Tue,12:15,66,15,10,-5
436,1,Tue,12:20,66,14,9,-5
437,1,Tue,12:25,66,14,9,-5
438,1,Tue,12:30,66,14,9,-5
439,1,Tue,12:35,66,14,9,-5
440,1,Tue,12:40,66,14,9,-5
441,1,Tue,12:45,66,12,7,-5
442,1,Tue,12:50,66,12,7,-5
443,1,Tue,12:55,66,12,7,-5
444,1,Tue,13:00,66,11,6,-5
445,1,Tue,13:05,66,11,6,-5
446,1,Tue,13:10,66,11,6,-5
447,1,Tue,13:15,66,11,6,-5
448,1,Tue,13:20,66,11,6,-5
449,1,Tue,13:25,66,10,5,-5
450,1,Tue,13:30,66,11,6,-5
451,1,Tue,13:35,66,12,7,-5
452,1,Tue,13:40,66,12,7,-5
453,1,Tue,13:45,66,12,7,-5
454,1,Tue,13:50,66,12,7,-5
455,1,Tue,13:55,66,12,7,-5
456,1,Tue,14:00,66,12,7,-5
457,1,Tue,14:05,66,12,7,-5
458,1,Tue,14:10,66,12,7,-5
459,1,Tue,14:15,66,12,7,-5
460,1,Tue,14:20,66,12,7,-5
461,1,Tue,14:25,66,13,8,-5
462,1,Tue,14:30,66,14,9,-5
463,1,Tue,14:35,66,14,9,-5
464,1,Tue,14:40,66,14,9,-5
465,1,Tue,14:45,66,14,9,-5
466,1,Tue,14:50,66,14,9,-5
467,1,Tue,14:55,66,14,9,-5
468,1,Tue,15:00,66,13,8,-5
469,1,Tue,15:05,66,12,8,-4
470,1,Tue,15:10,66,12,8,-4
471,1,Tue,15:15,66,13,9,-4
472,1,Tue,15:20,66,13,9,-4
473,1,Tue,15:25,66,14,11,-3
474,1,Tue,15:30,66,14,11,-3
475,1,Tue,15:35,66,16,13,-3
476,1,Tue,15:40,66,16,13,-3
477,1,Tue,15:45,66,16,13,-3
478,1,Tue,15:50,66,16,13,-3
479,1,Tue,15:55,66,16,14,-2
480,1,Tue,16:00,66,20,18,-2
481,1,Tue,16:05,66,20,18,-2
482,1,Tue,16:10,66,22,20,-2
483,1,Tue,16:15,66,23,21,-2
484,1,Tue,16:20,66,25,23,-2
485,1,Tue,16:25,66,27,24,-3
486,1,Tue,16:30,66,27,24,-3
487,1,Tue,16:35,66,27,24,-3
488,1,Tue,16:40,66,29,26,-3
489,1,Tue,16:45,66,29,26,-3
490,1,Tue,16:50,66,29,26,-3
491,1,Tue,16:55,66,27,24,-3
492,1,Tue,17:00,66,26,23,-3
493,1,Tue,17:05,66,25,23,-2
494,1,Tue,17:10,66,25,23,-2
495,1,Tue,17:15,66,24,22,-2
496,1,Tue,17:20,66,24,22,-2
497,1,Tue,17:25,66,22,20,-2
498,1,Tue,17:30,66,21,19,-2
499,1,Tue,17:35,66,21,19,-2
500,1,Tue,17:40,66,16,14,-2
501,1,Tue,17:45,66,16,14,-2
502,1,Tue,17:50,66,16,14,-2
503,1,Tue,17:55,66,15,13,-2
504,1,Tue,18:00,66,17,14,-3
505,1,Tue,18:05,66,17,14,-3
506,1,Tue,18:10,66,18,15,-3
507,1,Tue,18:15,66,18,15,-3
508,1,Tue,18:20,66,18,15,-3
509,1,Tue,18:25,66,18,15,-3
510,1,Tue,18:30,66,18,16,-2
511,1,Tue,18:35,66,18,16,-2
512,1,Tue,18:40,66,19,17,-2
513,1,Tue,18:45,66,20,18,-2
514,1,Tue,18:50,66,20,18,-2
515,1,Tue,18:55,66,20,18,-2
516,1,Tue,19:00,66,24,23,-1
517,1,Tue,19:05,66,25,24,-1
518,1,Tue,19:10,66,25,24,-1
519,1,Tue,19:15,66,25,24,-1
520,1,Tue,19:20,66,27,26,-1
521,1,Tue,19:25,66,28,27,-1
522,1,Tue,19:30,66,31,30,-1
523,1,Tue,19:35,66,32,31,-1
524,1,Tue,19:40,66,35,34,-1
525,1,Tue,19:45,66,38,37,-1
526,1,Tue,19:50,66,40,39,-1
527,1,Tue,19:55,66,43,42,-1
528,1,Tue,20:00,66,43,42,-1
529,1,Tue,20:05,66,44,45,1
530,1,Tue,20:10,66,47,49,2
531,1,Tue,20:15,66,46,49,3
532,1,Tue,20:20,66,49,52,3
533,1,Tue,20:25,66,50,53,3
534,1,Tue,20:30,66,53,55,2
535,1,Tue,20:35,66,55,57,2
536,1,Tue,20:40,66,57,59,2
537,1,Tue,20:45,66,61,63,2
538,1,Tue,20:50,66,62,63,1
539,1,Tue,20:55,66,63,64,1
540,1,Tue,21:00,66,64,64,0
541,1,Tue,21:05,66,64,64,0
542,1,Tue,21:10,66,65,65,0
543,1,Tue,21:15,66,66,66,0
544,1,Tue,21:20,66,66,66,0
545,1,Tue,21:25,66,65,65,0
546,1,Tue,21:30,66,65,65,0
547,1,Tue,21:35,66,65,65,0
548,1,Tue,21:40,66,64,65,1
549,1,Tue,21:45,66,64,65,1
550,1,Tue,21:50,66,64,64,0
551,1,Tue,21:55,66,64,65,1
552,1,Tue,22:00,66,63,63,0
553,1,Tue,22:05,66,61,61,0
554,1,Tue,22:10,66,61,60,-1
555,1,Tue,22:15,66,56,55,-1
556,1,Tue,22:20,66,54,52,-2
557,1,Tue,22:25,66,54,52,-2
558,1,Tue,22:30,66,50,47,-3
559,1,Tue,22:35,66,48,45,-3
560,1,Tue,22:40,66,46,43,-3
561,1,Tue,22:45,66,45,42,-3
562,1,Tue,22:50,66,42,39,-3
563,1,Tue,22:55,66,42,39,-3
564,1,Tue,23:00,66,41,38,-3
565,1,Tue,23:05,66,41,38,-3
566,1,Tue,23:10,66,35,32,-3
567,1,Tue,23:15,66,33,30,-3
568,1,Tue,23:20,66,30,27,-3
569,1,Tue,23:25,66,29,26,-3
570,1,Tue,23:30,66,27,24,-3
571,1,Tue,23:35,66,27,24,-3
572,1,Tue,23:40,66,26,23,-3
573,1,Tue,23:45,66,26,22,-4
574,1,Tue,23:50,66,24,20,-4
575,1,Tue,23:55,66,23,19,-4
576,2,Wed,00:00,66,22,18,-4
577,2,Wed,00:05,66,22,18,-4
578,2,Wed,00:10,66,22,18,-4
579,2,Wed,00:15,66,22,18,-4
580,2,Wed,00:20,66,22,18,-4
581,2,Wed,00:25,66,24,20,-4
582,2,Wed,00:30,66,27,23,-4
583,2,Wed,00:35,66,29,25,-4
584,2,Wed,00:40,66,30,26,-4
585,2,Wed,00:45,66,32,28,-4
586,2,Wed,00:50,66,34,30,-4
587,2,Wed,00:55,66,35,31,-4
588,2,Wed,01:00,66,37,33,-4
589,2,Wed,01:05,66,40,36,-4
590,2,Wed,01:10,66,40,36,-4
591,2,Wed,01:15,66,45,40,-5
592,2,Wed,01:20,66,45,40,-5
593,2,Wed,01:25,66,46,41,-5
594,2,Wed,01:30,66,46,42,-4
595,2,Wed,01:35,66,48,44,-4
596,2,Wed,01:40,66,50,46,-4
597,2,Wed,01:45,66,52,48,-4
598,2,Wed,01:50,66,55,51,-4
599,2,Wed,01:55,66,55,54,-1
600,2,Wed,02:00,66,55,54,-1
601,2,Wed,02:05,66,54,53,-1
602,2,Wed,02:10,66,54,53,-1
603,2,Wed,02:15,66,56,54,-2
604,2,Wed,02:20,66,58,56,-2
605,2,Wed,02:25,66,57,56,-1
606,2,Wed,02:30,66,56,56,0
607,2,Wed,02:35,66,57,56,-1
608,2,Wed,02:40,66,60,59,-1
609,2,Wed,02:45,66,60,58,-2
610,2,Wed,02:50,66,63,63,0
611,2,Wed,02:55,66,62,63,1
612,2,Wed,03:00,66,63,64,1
613,2,Wed,03:05,66,63,65,2
614,2,Wed,03:10,66,63,64,1
615,2,Wed,03:15,66,65,65,0
616,2,Wed,03:20,66,66,66,0
617,2,Wed,03:25,66,62,64,2
618,2,Wed,03:30,66,61,64,3
619,2,Wed,03:35,66,61,63,2
620,2,Wed,03:40,66,60,63,3
621,2,Wed,03:45,66,57,60,3
622,2,Wed,03:50,66,56,59,3
623,2,Wed,03:55,66,59,61,2
624,2,Wed,04:00,66,56,58,2
625,2,Wed,04:05,66,57,59,2
626,2,Wed,04:10,66,56,58,2
627,2,Wed,04:15,66,55,56,1
628,2,Wed,04:20,66,52,52,0
629,2,Wed,04:25,66,52,53,1
630,2,Wed,04:30,66,51,52,1
631,2,Wed,04:35,66,51,52,1
632,2,Wed,04:40,66,48,50,2
633,2,Wed,04:45,66,49,50,1
634,2,Wed,04:50,66,48,49,1
635,2,Wed,04:55,66,46,45,-1
636,2,Wed,05:00,66,45,44,-1
637,2,Wed,05:05,66,45,43,-2
638,2,Wed,05:10,66,42,40,-2
639,2,Wed,05:15,66,42,40,-2
640,2,Wed,05:20,66,42,40,-2
641,2,Wed,05:25,66,40,38,-2
642,2,Wed,05:30,66,39,37,-2
643,2,Wed,05:35,66,38,36,-2
644,2,Wed,05:40,66,36,33,-3
645,2,Wed,05:45,66,35,33,-2
646,2,Wed,05:50,66,35,33,-2
647,2,Wed,05:55,66,34,32,-2
648,2,Wed,06:00,66,32,30,-2
649,2,Wed,06:05,66,31,29,-2
650,2,Wed,06:10,66,31,29,-2
651,2,Wed,06:15,66,27,25,-2
652,2,Wed,06:20,66,27,25,-2
653,2,Wed,06:25,66,23,21,-2
654,2,Wed,06:30,66,22,20,-2
655,2,Wed,06:35,66,19,17,-2
656,2,Wed,06:40,66,17,15,-2
657,2,Wed,06:45,66,17,15,-2
658,2,Wed,06:50,66,15,13,-2
659,2,Wed,06:55,66,15,13,-2
660,2,Wed,07:00,66,14,12,-2
661,2,Wed,07:05,66,14,12,-2
662,2,Wed,07:10,66,14,12,-2
663,2,Wed,07:15,66,14,12,-2
664,2,Wed,07:20,66,14,12,-2
665,2,Wed,07:25,66,15,12,-3
666,2,Wed,07:30,66,15,12,-3
667,2,Wed,07:35,66,17,14,-3
668,2,Wed,07:40,66,17,14,-3
669,2,Wed,07:45,66,17,15,-2
670,2,Wed,07:50,66,17,15,-2
671,2,Wed,07:55,66,18,16,-2
672,2,Wed,08:00,66,18,16,-2
673,2,Wed,08:05,66,19,17,-2
674,2,Wed,08:10,66,19,17,-2
675,2,Wed,08:15,66,21,19,-2
676,2,Wed,08:20,66,21,19,-2
677,2,Wed,08:25,66,22,20,-2
678,2,Wed,08:30,66,22,20,-2
679,2,Wed,08:35,66,24,22,-2
680,2,Wed,08:40,66,24,22,-2
681,2,Wed,08:45,66,26,24,-2
682,2,Wed,08:50,66,27,25,-2
683,2,Wed,08:55,66,31,29,-2
684,2,Wed,09:00,66,35,33,-2
685,2,Wed,09:05,66,36,35,-1
686,2,Wed,09:10,66,37,36,-1
687,2,Wed,09:15,66,39,38,-1
688,2,Wed,09:20,66,39,38,-1
689,2,Wed,09:25,66,39,38,-1
690,2,Wed,09:30,66,39,39,0
691,2,Wed,09:35,66,39,39,0
692,2,Wed,09:40,66,39,39,0
693,2,Wed,09:45,66,38,37,-1
694,2,Wed,09:50,66,39,37,-2
695,2,Wed,09:55,66,38,36,-2
696,2,Wed,10:00,66,38,36,-2
697,2,Wed,10:05,66,38,35,-3
698,2,Wed,10:10,66,37,35,-2
699,2,Wed,10:15,66,36,34,-2
700,2,Wed,10:20,66,36,34,-2
701,2,Wed,10:25,66,32,30,-2
702,2,Wed,10:30,66,28,26,-2
703,2,Wed,10:35,66,28,25,-3
704,2,Wed,10:40,66,29,25,-4
705,2,Wed,10:45,66,30,25,-5
706,2,Wed,10:50,66,29,24,-5
707,2,Wed,10:55,66,28,23,-5
708,2,Wed,11:00,66,26,21,-5
709,2,Wed,11:05,66,25,20,-5
710,2,Wed,11:10,66,25,20,-5
711,2,Wed,11:15,66,24,19,-5
712,2,Wed,11:20,66,22,17,-5
713,2,Wed,11:25,66,21,16,-5
714,2,Wed,11:30,66,21,16,-5
715,2,Wed,11:35,66,20,16,-4
716,2,Wed,11:40,66,20,17,-3
717,2,Wed,11:45,66,16,14,-2
718,2,Wed,11:50,66,16,14,-2
719,2,Wed,11:55,66,15,13,-2
720,2,Wed,12:00,66,15,13,-2
721,2,Wed,12:05,66,15,13,-2
722,2,Wed,12:10,66,14,12,-2
723,2,Wed,12:15,66,14,12,-2
724,2,Wed,12:20,66,13,10,-3
725,2,Wed,12:25,66,13,11,-2
726,2,Wed,12:30,66,13,11,-2
727,2,Wed,12:35,66,13,11,-2
728,2,Wed,12:40,66,13,11,-2
729,2,Wed,12:45,66,11,9,-2
730,2,Wed,12:50,66,11,9,-2
731,2,Wed,12:55,66,11,9,-2
732,2,Wed,13:00,66,10,8,-2
733,2,Wed,13:05,66,10,8,-2
734,2,Wed,13:10,66,10,8,-2
735,2,Wed,13:15,66,10,8,-2
736,2,Wed,13:20,66,10,8,-2
737,2,Wed,13:25,66,9,7,-2
738,2,Wed,13:30,66,10,8,-2
739,2,Wed,13:35,66,11,9,-2
740,2,Wed,13:40,66,11,9,-2
741,2,Wed,13:45,66,11,9,-2
742,2,Wed,13:50,66,11,9,-2
743,2,Wed,13:55,66,11,9,-2
744,2,Wed,14:00,66,10,8,-2
745,2,Wed,14:05,66,10,8,-2
746,2,Wed,14:10,66,10,8,-2
747,2,Wed,14:15,66,10,8,-2
748,2,Wed,14:20,66,10,8,-2
749,2,Wed,14:25,66,11,9,-2
750,2,Wed,14:30,66,12,10,-2
751,2,Wed,14:35,66,12,10,-2
752,2,Wed,14:40,66,12,10,-2
753,2,Wed,14:45,66,12,10,-2
754,2,Wed,14:50,66,12,10,-2
755,2,Wed,14:55,66,12,10,-2
756,2,Wed,15:00,66,11,9,-2
757,2,Wed,15:05,66,11,9,-2
758,2,Wed,15:10,66,11,9,-2
759,2,Wed,15:15,66,12,10,-2
760,2,Wed,15:20,66,12,10,-2
761,2,Wed,15:25,66,13,11,-2
762,2,Wed,15:30,66,13,11,-2
763,2,Wed,15:35,66,15,13,-2
764,2,Wed,15:40,66,15,13,-2
765,2,Wed,15:45,66,15,13,-2
766,2,Wed,15:50,66,16,14,-2
767,2,Wed,15:55,66,16,14,-2
768,2,Wed,16:00,66,19,17,-2
769,2,Wed,16:05,66,19,17,-2
770,2,Wed,16:10,66,21,19,-2
771,2,Wed,16:15,66,23,21,-2
772,2,Wed,16:20,66,25,23,-2
773,2,Wed,16:25,66,25,23,-2
774,2,Wed,16:30,66,25,23,-2
775,2,Wed,16:35,66,25,23,-2
776,2,Wed,16:40,66,27,23,-4
777,2,Wed,16:45,66,26,22,-4
778,2,Wed,16:50,66,26,22,-4
779,2,Wed,16:55,66,26,22,-4
780,2,Wed,17:00,66,25,21,-4
781,2,Wed,17:05,66,24,20,-4
782,2,Wed,17:10,66,24,20,-4
783,2,Wed,17:15,66,24,20,-4
784,2,Wed,17:20,66,24,20,-4
785,2,Wed,17:25,66,23,18,-5
786,2,Wed,17:30,66,22,17,-5
787,2,Wed,17:35,66,22,17,-5
788,2,Wed,17:40,66,18,12,-6
789,2,Wed,17:45,66,18,12,-6
790,2,Wed,17:50,66,17,11,-6
791,2,Wed,17:55,66,17,11,-6
792,2,Wed,18:00,66,18,12,-6
793,2,Wed,18:05,66,18,12,-6
794,2,Wed,18:10,66,19,13,-6
795,2,Wed,18:15,66,19,13,-6
796,2,Wed,18:20,66,19,13,-6
797,2,Wed,18:25,66,19,13,-6
798,2,Wed,18:30,66,20,14,-6
799,2,Wed,18:35,66,20,14,-6
800,2,Wed,18:40,66,21,15,-6
801,2,Wed,18:45,66,22,16,-6
802,2,Wed,18:50,66,22,16,-6
803,2,Wed,18:55,66,23,17,-6
804,2,Wed,19:00,66,27,21,-6
805,2,Wed,19:05,66,28,22,-6
806,2,Wed,19:10,66,28,22,-6
807,2,Wed,19:15,66,28,22,-6
808,2,Wed,19:20,66,30,24,-6
809,2,Wed,19:25,66,31,25,-6
810,2,Wed,19:30,66,33,27,-6
811,2,Wed,19:35,66,34,28,-6
812,2,Wed,19:40,66,36,30,-6
813,2,Wed,19:45,66,39,33,-6
814,2,Wed,19:50,66,40,35,-5
815,2,Wed,19:55,66,42,38,-4
816,2,Wed,20:00,66,42,38,-4
817,2,Wed,20:05,66,46,42,-4
818,2,Wed,20:10,66,51,47,-4
819,2,Wed,20:15,66,50,46,-4
820,2,Wed,20:20,66,52,48,-4
821,2,Wed,20:25,66,53,48,-5
822,2,Wed,20:30,66,53,49,-4
823,2,Wed,20:35,66,56,52,-4
824,2,Wed,20:40,66,58,54,-4
825,2,Wed,20:45,66,62,58,-4
826,2,Wed,20:50,66,64,60,-4
827,2,Wed,20:55,66,65,61,-4
828,2,Wed,21:00,66,65,62,-3
829,2,Wed,21:05,66,65,62,-3
830,2,Wed,21:10,66,66,64,-2
831,2,Wed,21:15,66,66,64,-2
832,2,Wed,21:20,66,66,64,-2
833,2,Wed,21:25,66,66,64,-2
834,2,Wed,21:30,66,66,64,-2
835,2,Wed,21:35,66,66,64,-2
836,2,Wed,21:40,66,64,62,-2
837,2,Wed,21:45,66,64,62,-2
838,2,Wed,21:50,66,66,63,-3
839,2,Wed,21:55,66,66,63,-3
840,2,Wed,22:00,66,63,60,-3
841,2,Wed,22:05,66,60,57,-3
842,2,Wed,22:10,66,59,56,-3
843,2,Wed,22:15,66,55,53,-2
844,2,Wed,22:20,66,52,50,-2
845,2,Wed,22:25,66,51,49,-2
846,2,Wed,22:30,66,46,44,-2
847,2,Wed,22:35,66,44,42,-2
848,2,Wed,22:40,66,41,39,-2
849,2,Wed,22:45,66,39,37,-2
850,2,Wed,22:50,66,36,34,-2
851,2,Wed,22:55,66,36,34,-2
852,2,Wed,23:00,66,36,34,-2
853,2,Wed,23:05,66,37,35,-2
854,2,Wed,23:10,66,32,30,-2
855,2,Wed,23:15,66,31,29,-2
856,2,Wed,23:20,66,28,26,-2
857,2,Wed,23:25,66,27,25,-2
858,2,Wed,23:30,66,25,23,-2
859,2,Wed,23:35,66,25,23,-2
860,2,Wed,23:40,66,25,22,-3
861,2,Wed,23:45,66,24,21,-3
862,2,Wed,23:50,66,22,19,-3
863,2,Wed,23:55,66,22,18,-4
864,3,Thu,00:00,66,21,17,-4
865,3,Thu,00:05,66,21,17,-4
866,3,Thu,00:10,66,21,17,-4
867,3,Thu,00:15,66,21,17,-4
868,3,Thu,00:20,66,21,18,-3
869,3,Thu,00:25,66,23,20,-3
870,3,Thu,00:30,66,26,24,-2
871,3,Thu,00:35,66,28,26,-2
872,3,Thu,00:40,66,29,27,-2
873,3,Thu,00:45,66,31,29,-2
874,3,Thu,00:50,66,33,32,-1
875,3,Thu,00:55,66,33,32,-1
876,3,Thu,01:00,66,34,34,0
877,3,Thu,01:05,66,36,37,1
878,3,Thu,01:10,66,36,37,1
879,3,Thu,01:15,66,39,38,-1
880,3,Thu,01:20,66,40,39,-1
881,3,Thu,01:25,66,41,41,0
882,3,Thu,01:30,66,41,41,0
883,3,Thu,01:35,66,43,43,0
884,3,Thu,01:40,66,45,44,-1
885,3,Thu,01:45,66,47,46,-1
886,3,Thu,01:50,66,50,48,-2
887,3,Thu,01:55,66,50,49,-1
888,3,Thu,02:00,66,52,51,-1
889,3,Thu,02:05,66,52,51,-1
890,3,Thu,02:10,66,53,52,-1
891,3,Thu,02:15,66,54,54,0
892,3,Thu,02:20,66,56,56,0
893,3,Thu,02:25,66,57,58,1
894,3,Thu,02:30,66,57,59,2
895,3,Thu,02:35,66,57,58,1
896,3,Thu,02:40,66,61,62,1
897,3,Thu,02:45,66,59,61,2
898,3,Thu,02:50,66,64,66,2
899,3,Thu,02:55,66,63,66,3
900,3,Thu,03:00,66,64,66,2
901,3,Thu,03:05,66,65,66,1
902,3,Thu,03:10,66,64,65,1
903,3,Thu,03:15,66,66,66,0
904,3,Thu,03:20,66,66,66,0
905,3,Thu,03:25,66,64,64,0
906,3,Thu,03:30,66,63,64,1
907,3,Thu,03:35,66,64,64,0
908,3,Thu,03:40,66,64,63,-1
909,3,Thu,03:45,66,61,60,-1
910,3,Thu,03:50,66,61,59,-2
911,3,Thu,03:55,66,61,59,-2
912,3,Thu,04:00,66,58,57,-1
913,3,Thu,04:05,66,60,59,-1
914,3,Thu,04:10,66,59,58,-1
915,3,Thu,04:15,66,58,56,-2
916,3,Thu,04:20,66,55,54,-1
917,3,Thu,04:25,66,55,54,-1
918,3,Thu,04:30,66,53,52,-1
919,3,Thu,04:35,66,52,52,0
920,3,Thu,04:40,66,49,49,0
921,3,Thu,04:45,66,46,46,0
922,3,Thu,04:50,66,44,44,0
923,3,Thu,04:55,66,41,41,0
924,3,Thu,05:00,66,41,40,-1
925,3,Thu,05:05,66,41,38,-3
926,3,Thu,05:10,66,40,35,-5
927,3,Thu,05:15,66,40,35,-5
928,3,Thu,05:20,66,40,35,-5
929,3,Thu,05:25,66,38,34,-4
930,3,Thu,05:30,66,37,33,-4
931,3,Thu,05:35,66,38,33,-5
932,3,Thu,05:40,66,35,30,-5
933,3,Thu,05:45,66,36,28,-8
934,3,Thu,05:50,66,36,26,-10
935,3,Thu,05:55,66,34,24,-10
936,3,Thu,06:00,66,32,22,-10
937,3,Thu,06:05,66,31,21,-10
938,3,Thu,06:10,66,30,20,-10
939,3,Thu,06:15,66,27,17,-10
940,3,Thu,06:20,66,27,17,-10
941,3,Thu,06:25,66,24,14,-10
942,3,Thu,06:30,66,23,13,-10
943,3,Thu,06:35,66,20,10,-10
944,3,Thu,06:40,66,18,9,-9
945,3,Thu,06:45,66,17,8,-9
946,3,Thu,06:50,66,15,7,-8
947,3,Thu,06:55,66,15,7,-8
948,3,Thu,07:00,66,14,6,-8
949,3,Thu,07:05,66,14,6,-8
950,3,Thu,07:10,66,14,6,-8
951,3,Thu,07:15,66,14,6,-8
952,3,Thu,07:20,66,15,7,-8
953,3,Thu,07:25,66,14,6,-8
954,3,Thu,07:30,66,14,6,-8
955,3,Thu,07:35,66,16,8,-8
956,3,Thu,07:40,66,17,9,-8
957,3,Thu,07:45,66,18,10,-8
958,3,Thu,07:50,66,18,10,-8
959,3,Thu,07:55,66,18,11,-7
960,3,Thu,08:00,66,17,11,-6
961,3,Thu,08:05,66,18,12,-6
962,3,Thu,08:10,66,18,12,-6
963,3,Thu,08:15,66,20,14,-6
964,3,Thu,08:20,66,20,14,-6
965,3,Thu,08:25,66,21,15,-6
966,3,Thu,08:30,66,22,16,-6
967,3,Thu,08:35,66,24,18,-6
968,3,Thu,08:40,66,24,18,-6
969,3,Thu,08:45,66,25,19,-6
970,3,Thu,08:50,66,26,20,-6
971,3,Thu,08:55,66,31,25,-6
972,3,Thu,09:00,66,34,28,-6
973,3,Thu,09:05,66,36,31,-5
974,3,Thu,09:10,66,38,33,-5
975,3,Thu,09:15,66,40,34,-6
976,3,Thu,09:20,66,41,35,-6
977,3,Thu,09:25,66,41,35,-6
978,3,Thu,09:30,66,42,37,-5
979,3,Thu,09:35,66,42,37,-5
980,3,Thu,09:40,66,43,38,-5
981,3,Thu,09:45,66,42,37,-5
982,3,Thu,09:50,66,42,37,-5
983,3,Thu,09:55,66,41,36,-5
984,3,Thu,10:00,66,41,36,-5
985,3,Thu,10:05,66,39,34,-5
986,3,Thu,10:10,66,38,33,-5
987,3,Thu,10:15,66,37,32,-5
988,3,Thu,10:20,66,38,33,-5
989,3,Thu,10:25,66,35,30,-5
990,3,Thu,10:30,66,32,27,-5
991,3,Thu,10:35,66,30,25,-5
992,3,Thu,10:40,66,30,25,-5
993,3,Thu,10:45,66,31,26,-5
994,3,Thu,10:50,66,30,25,-5
995,3,Thu,10:55,66,29,24,-5
996,3,Thu,11:00,66,26,21,-5
997,3,Thu,11:05,66,25,20,-5
998,3,Thu,11:10,66,24,19,-5
999,3,Thu,11:15,66,23,18,-5
1000,3,Thu,11:20,66,23,18,-5
1001,3,Thu,11:25,66,22,17,-5
1002,3,Thu,11:30,66,21,16,-5
1003,3,Thu,11:35,66,20,15,-5
1004,3,Thu,11:40,66,20,15,-5
1005,3,Thu,11:45,66,18,13,-5
1006,3,Thu,11:50,66,18,13,-5
1007,3,Thu,11:55,66,17,12,-5
1008,3,Thu,12:00,66,14,9,-5
1009,3,Thu,12:05,66,14,9,-5
1010,3,Thu,12:10,66,12,8,-4
1011,3,Thu,12:15,66,12,8,-4
1012,3,Thu,12:20,66,11,7,-4
1013,3,Thu,12:25,66,11,8,-3
1014,3,Thu,12:30,66,11,8,-3
1015,3,Thu,12:35,66,11,8,-3
1016,3,Thu,12:40,66,11,8,-3
1017,3,Thu,12:45,66,9,6,-3
1018,3,Thu,12:50,66,9,6,-3
1019,3,Thu,12:55,66,9,6,-3
1020,3,Thu,13:00,66,8,5,-3
1021,3,Thu,13:05,66,8,5,-3
1022,3,Thu,13:10,66,8,5,-3
1023,3,Thu,13:15,66,8,5,-3
1024,3,Thu,13:20,66,8,5,-3
1025,3,Thu,13:25,66,7,4,-3
1026,3,Thu,13:30,66,8,5,-3
1027,3,Thu,13:35,66,9,6,-3
1028,3,Thu,13:40,66,9,6,-3
1029,3,Thu,13:45,66,9,6,-3
1030,3,Thu,13:50,66,9,6,-3
1031,3,Thu,13:55,66,9,6,-3
1032,3,Thu,14:00,66,8,5,-3
1033,3,Thu,14:05,66,8,5,-3
1034,3,Thu,14:10,66,8,5,-3
1035,3,Thu,14:15,66,8,5,-3
1036,3,Thu,14:20,66,8,5,-3
1037,3,Thu,14:25,66,9,6,-3
1038,3,Thu,14:30,66,10,7,-3
1039,3,Thu,14:35,66,10,7,-3
1040,3,Thu,14:40,66,10,7,-3
1041,3,Thu,14:45,66,10,7,-3
1042,3,Thu,14:50,66,10,7,-3
1043,3,Thu,14:55,66,10,7,-3
1044,3,Thu,15:00,66,10,7,-3
1045,3,Thu,15:05,66,10,7,-3
1046,3,Thu,15:10,66,10,7,-3
1047,3,Thu,15:15,66,10,7,-3
1048,3,Thu,15:20,66,10,7,-3
1049,3,Thu,15:25,66,12,9,-3
1050,3,Thu,15:30,66,12,9,-3
1051,3,Thu,15:35,66,14,11,-3
1052,3,Thu,15:40,66,15,12,-3
1053,3,Thu,15:45,66,15,12,-3
1054,3,Thu,15:50,66,15,12,-3
1055,3,Thu,15:55,66,15,12,-3
1056,3,Thu,16:00,66,18,15,-3
1057,3,Thu,16:05,66,18,15,-3
1058,3,Thu,16:10,66,20,17,-3
1059,3,Thu,16:15,66,21,18,-3
1060,3,Thu,16:20,66,23,20,-3
1061,3,Thu,16:25,66,25,22,-3
1062,3,Thu,16:30,66,26,23,-3
1063,3,Thu,16:35,66,26,23,-3
1064,3,Thu,16:40,66,26,23,-3
1065,3,Thu,16:45,66,26,23,-3
1066,3,Thu,16:50,66,25,23,-2
1067,3,Thu,16:55,66,24,21,-3
1068,3,Thu,17:00,66,23,20,-3
1069,3,Thu,17:05,66,22,20,-2
1070,3,Thu,17:10,66,21,19,-2
1071,3,Thu,17:15,66,21,19,-2
1072,3,Thu,17:20,66,21,19,-2
1073,3,Thu,17:25,66,20,17,-3
1074,3,Thu,17:30,66,18,15,-3
1075,3,Thu,17:35,66,18,15,-3
1076,3,Thu,17:40,66,13,11,-2
1077,3,Thu,17:45,66,13,11,-2
1078,3,Thu,17:50,66,12,11,-1
1079,3,Thu,17:55,66,12,11,-1
1080,3,Thu,18:00,66,12,11,-1
1081,3,Thu,18:05,66,12,11,-1
1082,3,Thu,18:10,66,12,12,0
1083,3,Thu,18:15,66,12,12,0
1084,3,Thu,18:20,66,12,12,0
1085,3,Thu,18:25,66,13,13,0
1086,3,Thu,18:30,66,14,14,0
1087,3,Thu,18:35,66,14,14,0
1088,3,Thu,18:40,66,16,16,0
1089,3,Thu,18:45,66,17,17,0
1090,3,Thu,18:50,66,17,17,0
1091,3,Thu,18:55,66,18,18,0
1092,3,Thu,19:00,66,23,23,0
1093,3,Thu,19:05,66,24,24,0
1094,3,Thu,19:10,66,25,24,-1
1095,3,Thu,19:15,66,25,24,-1
1096,3,Thu,19:20,66,25,24,-1
1097,3,Thu,19:25,66,25,24,-1
1098,3,Thu,19:30,66,25,24,-1
1099,3,Thu,19:35,66,27,26,-1
1100,3,Thu,19:40,66,29,28,-1
1101,3,Thu,19:45,66,31,30,-1
1102,3,Thu,19:50,66,33,32,-1
1103,3,Thu,19:55,66,37,36,-1
1104,3,Thu,20:00,66,37,36,-1
1105,3,Thu,20:05,66,39,38,-1
1106,3,Thu,20:10,66,41,40,-1
1107,3,Thu,20:15,66,44,43,-1
1108,3,Thu,20:20,66,45,44,-1
1109,3,Thu,20:25,66,45,44,-1
1110,3,Thu,20:30,66,46,45,-1
1111,3,Thu,20:35,66,49,48,-1
1112,3,Thu,20:40,66,52,51,-1
1113,3,Thu,20:45,66,55,54,-1
1114,3,Thu,20:50,66,58,57,-1
1115,3,Thu,20:55,66,60,59,-1
1116,3,Thu,21:00,66,62,62,0
1117,3,Thu,21:05,66,62,61,-1
1118,3,Thu,21:10,66,65,65,0
1119,3,Thu,21:15,66,66,66,0
1120,3,Thu,21:20,66,65,65,0
1121,3,Thu,21:25,66,64,64,0
1122,3,Thu,21:30,66,65,65,0
1123,3,Thu,21:35,66,64,64,0
1124,3,Thu,21:40,66,65,65,0
1125,3,Thu,21:45,66,66,66,0
1126,3,Thu,21:50,66,65,65,0
1127,3,Thu,21:55,66,65,65,0
1128,3,Thu,22:00,66,63,63,0
1129,3,Thu,22:05,66,61,61,0
1130,3,Thu,22:10,66,61,60,-1
1131,3,Thu,22:15,66,57,57,0
1132,3,Thu,22:20,66,53,53,0
1133,3,Thu,22:25,66,53,53,0
1134,3,Thu,22:30,66,49,49,0
1135,3,Thu,22:35,66,48,48,0
1136,3,Thu,22:40,66,45,45,0
1137,3,Thu,22:45,66,44,44,0
1138,3,Thu,22:50,66,41,41,0
1139,3,Thu,22:55,66,40,40,0
1140,3,Thu,23:00,66,39,39,0
1141,3,Thu,23:05,66,39,39,0
1142,3,Thu,23:10,66,33,33,0
1143,3,Thu,23:15,66,31,31,0
1144,3,Thu,23:20,66,27,27,0
1145,3,Thu,23:25,66,25,25,0
1146,3,Thu,23:30,66,23,23,0
1147,3,Thu,23:35,66,23,23,0
1148,3,Thu,23:40,66,22,22,0
1149,3,Thu,23:45,66,21,21,0
1150,3,Thu,23:50,66,19,19,0
1151,3,Thu,23:55,66,18,18,0
1152,4,Fri,00:00,66,17,17,0
1153,4,Fri,00:05,66,17,17,0
1154,4,Fri,00:10,66,17,17,0
1155,4,Fri,00:15,66,17,17,0
1156,4,Fri,00:20,66,18,17,-1
1157,4,Fri,00:25,66,21,20,-1
1158,4,Fri,00:30,66,25,24,-1
1159,4,Fri,00:35,66,27,26,-1
1160,4,Fri,00:40,66,28,27,-1
1161,4,Fri,00:45,66,29,29,0
1162,4,Fri,00:50,66,30,31,1
1163,4,Fri,00:55,66,30,32,2
1164,4,Fri,01:00,66,31,34,3
1165,4,Fri,01:05,66,34,37,3
1166,4,Fri,01:10,66,34,37,3
1167,4,Fri,01:15,66,39,41,2
1168,4,Fri,01:20,66,39,41,2
1169,4,Fri,01:25,66,40,42,2
1170,4,Fri,01:30,66,41,42,1
1171,4,Fri,01:35,66,43,44,1
1172,4,Fri,01:40,66,45,46,1
1173,4,Fri,01:45,66,46,47,1
1174,4,Fri,01:50,66,48,49,1
1175,4,Fri,01:55,66,49,51,2
1176,4,Fri,02:00,66,51,53,2
1177,4,Fri,02:05,66,51,53,2
1178,4,Fri,02:10,66,53,55,2
1179,4,Fri,02:15,66,55,57,2
1180,4,Fri,02:20,66,56,59,3
1181,4,Fri,02:25,66,56,60,4
1182,4,Fri,02:30,66,56,61,5
1183,4,Fri,02:35,66,56,60,4
1184,4,Fri,02:40,66,59,63,4
1185,4,Fri,02:45,66,57,61,4
1186,4,Fri,02:50,66,62,66,4
1187,4,Fri,02:55,66,61,64,3
1188,4,Fri,03:00,66,62,64,2
1189,4,Fri,03:05,66,63,66,3
1190,4,Fri,03:10,66,63,65,2
1191,4,Fri,03:15,66,66,66,0
1192,4,Fri,03:20,66,66,66,0
1193,4,Fri,03:25,66,65,63,-2
1194,4,Fri,03:30,66,64,62,-2
1195,4,Fri,03:35,66,63,61,-2
1196,4,Fri,03:40,66,64,62,-2
1197,4,Fri,03:45,66,61,59,-2
1198,4,Fri,03:50,66,60,57,-3
1199,4,Fri,03:55,66,61,58,-3
1200,4,Fri,04:00,66,59,56,-3
1201,4,Fri,04:05,66,61,57,-4
1202,4,Fri,04:10,66,61,57,-4
1203,4,Fri,04:15,66,61,57,-4
1204,4,Fri,04:20,66,58,54,-4
1205,4,Fri,04:25,66,58,55,-3
1206,4,Fri,04:30,66,56,53,-3
1207,4,Fri,04:35,66,57,53,-4
1208,4,Fri,04:40,66,54,49,-5
1209,4,Fri,04:45,66,53,47,-6
1210,4,Fri,04:50,66,52,46,-6
1211,4,Fri,04:55,66,52,44,-8
1212,4,Fri,05:00,66,51,43,-8
1213,4,Fri,05:05,66,49,40,-9
1214,4,Fri,05:10,66,48,38,-10
1215,4,Fri,05:15,66,48,38,-10
1216,4,Fri,05:20,66,48,38,-10
1217,4,Fri,05:25,66,47,37,-10
1218,4,Fri,05:30,66,45,34,-11
1219,4,Fri,05:35,66,44,33,-11
1220,4,Fri,05:40,66,41,31,-10
1221,4,Fri,05:45,66,40,31,-9
1222,4,Fri,05:50,66,38,29,-9
1223,4,Fri,05:55,66,35,27,-8
1224,4,Fri,06:00,66,34,26,-8
1225,4,Fri,06:05,66,33,25,-8
1226,4,Fri,06:10,66,32,24,-8
1227,4,Fri,06:15,66,28,21,-7
1228,4,Fri,06:20,66,28,21,-7
1229,4,Fri,06:25,66,24,17,-7
1230,4,Fri,06:30,66,23,16,-7
1231,4,Fri,06:35,66,20,13,-7
1232,4,Fri,06:40,66,18,11,-7
1233,4,Fri,06:45,66,17,10,-7
1234,4,Fri,06:50,66,15,8,-7
1235,4,Fri,06:55,66,15,8,-7
1236,4,Fri,07:00,66,14,7,-7
1237,4,Fri,07:05,66,14,7,-7
1238,4,Fri,07:10,66,14,7,-7
1239,4,Fri,07:15,66,15,8,-7
1240,4,Fri,07:20,66,15,8,-7
1241,4,Fri,07:25,66,15,7,-8
1242,4,Fri,07:30,66,15,7,-8
1243,4,Fri,07:35,66,17,9,-8
1244,4,Fri,07:40,66,17,9,-8
1245,4,Fri,07:45,66,18,10,-8
1246,4,Fri,07:50,66,18,10,-8
1247,4,Fri,07:55,66,19,11,-8
1248,4,Fri,08:00,66,19,11,-8
1249,4,Fri,08:05,66,20,12,-8
1250,4,Fri,08:10,66,20,12,-8
1251,4,Fri,08:15,66,22,14,-8
1252,4,Fri,08:20,66,24,16,-8
1253,4,Fri,08:25,66,25,17,-8
1254,4,Fri,08:30,66,25,17,-8
1255,4,Fri,08:35,66,27,19,-8
1256,4,Fri,08:40,66,27,19,-8
1257,4,Fri,08:45,66,28,20,-8
1258,4,Fri,08:50,66,29,21,-8
1259,4,Fri,08:55,66,33,25,-8
1260,4,Fri,09:00,66,37,28,-9
1261,4,Fri,09:05,66,38,29,-9
1262,4,Fri,09:10,66,40,31,-9
1263,4,Fri,09:15,66,43,34,-9
1264,4,Fri,09:20,66,44,35,-9
1265,4,Fri,09:25,66,44,35,-9
1266,4,Fri,09:30,66,44,37,-7
1267,4,Fri,09:35,66,44,37,-7
1268,4,Fri,09:40,66,45,38,-7
1269,4,Fri,09:45,66,44,37,-7
1270,4,Fri,09:50,66,44,37,-7
1271,4,Fri,09:55,66,43,36,-7
1272,4,Fri,10:00,66,42,35,-7
1273,4,Fri,10:05,66,41,34,-7
1274,4,Fri,10:10,66,41,34,-7
1275,4,Fri,10:15,66,40,33,-7
1276,4,Fri,10:20,66,40,33,-7
1277,4,Fri,10:25,66,36,29,-7
1278,4,Fri,10:30,66,32,25,-7
1279,4,Fri,10:35,66,30,24,-6
1280,4,Fri,10:40,66,31,25,-6
1281,4,Fri,10:45,66,33,26,-7
1282,4,Fri,10:50,66,32,25,-7
1283,4,Fri,10:55,66,31,24,-7
1284,4,Fri,11:00,66,28,22,-6
1285,4,Fri,11:05,66,27,21,-6
1286,4,Fri,11:10,66,26,20,-6
1287,4,Fri,11:15,66,25,19,-6
1288,4,Fri,11:20,66,24,19,-5
1289,4,Fri,11:25,66,23,18,-5
1290,4,Fri,11:30,66,23,18,-5
1291,4,Fri,11:35,66,22,17,-5
1292,4,Fri,11:40,66,21,16,-5
1293,4,Fri,11:45,66,18,13,-5
1294,4,Fri,11:50,66,18,13,-5
1295,4,Fri,11:55,66,17,12,-5
1296,4,Fri,12:00,66,15,10,-5
1297,4,Fri,12:05,66,15,10,-5
1298,4,Fri,12:10,66,14,9,-5
1299,4,Fri,12:15,66,14,9,-5
1300,4,Fri,12:20,66,12,7,-5
1301,4,Fri,12:25,66,12,8,-4
1302,4,Fri,12:30,66,12,8,-4
1303,4,Fri,12:35,66,12,8,-4
1304,4,Fri,12:40,66,12,8,-4
1305,4,Fri,12:45,66,10,6,-4
1306,4,Fri,12:50,66,10,6,-4
1307,4,Fri,12:55,66,10,6,-4
1308,4,Fri,13:00,66,9,5,-4
1309,4,Fri,13:05,66,9,5,-4
1310,4,Fri,13:10,66,9,5,-4
1311,4,Fri,13:15,66,9,5,-4
1312,4,Fri,13:20,66,9,5,-4
1313,4,Fri,13:25,66,8,4,-4
1314,4,Fri,13:30,66,9,5,-4
1315,4,Fri,13:35,66,10,6,-4
1316,4,Fri,13:40,66,10,6,-4
1317,4,Fri,13:45,66,10,6,-4
1318,4,Fri,13:50,66,10,6,-4
1319,4,Fri,13:55,66,10,6,-4
1320,4,Fri,14:00,66,9,5,-4
1321,4,Fri,14:05,66,9,5,-4
1322,4,Fri,14:10,66,9,5,-4
1323,4,Fri,14:15,66,9,5,-4
1324,4,Fri,14:20,66,9,5,-4
1325,4,Fri,14:25,66,10,6,-4
1326,4,Fri,14:30,66,11,7,-4
1327,4,Fri,14:35,66,11,7,-4
1328,4,Fri,14:40,66,11,7,-4
1329,4,Fri,14:45,66,11,7,-4
1330,4,Fri,14:50,66,11,7,-4
1331,4,Fri,14:55,66,11,7,-4
1332,4,Fri,15:00,66,11,7,-4
1333,4,Fri,15:05,66,11,7,-4
1334,4,Fri,15:10,66,11,7,-4
1335,4,Fri,15:15,66,12,8,-4
1336,4,Fri,15:20,66,12,8,-4
1337,4,Fri,15:25,66,14,10,-4
1338,4,Fri,15:30,66,14,10,-4
1339,4,Fri,15:35,66,16,12,-4
1340,4,Fri,15:40,66,17,13,-4
1341,4,Fri,15:45,66,17,13,-4
1342,4,Fri,15:50,66,17,13,-4
1343,4,Fri,15:55,66,17,13,-4
1344,4,Fri,16:00,66,22,18,-4
1345,4,Fri,16:05,66,22,18,-4
1346,4,Fri,16:10,66,24,20,-4
1347,4,Fri,16:15,66,26,22,-4
1348,4,Fri,16:20,66,28,24,-4
1349,4,Fri,16:25,66,30,26,-4
1350,4,Fri,16:30,66,30,26,-4
1351,4,Fri,16:35,66,30,26,-4
1352,4,Fri,16:40,66,30,26,-4
1353,4,Fri,16:45,66,30,26,-4
1354,4,Fri,16:50,66,30,26,-4
1355,4,Fri,16:55,66,29,25,-4
1356,4,Fri,17:00,66,28,24,-4
1357,4,Fri,17:05,66,26,23,-3
1358,4,Fri,17:10,66,26,23,-3
1359,4,Fri,17:15,66,25,22,-3
1360,4,Fri,17:20,66,25,22,-3
1361,4,Fri,17:25,66,23,20,-3
1362,4,Fri,17:30,66,20,18,-2
1363,4,Fri,17:35,66,20,18,-2
1364,4,Fri,17:40,66,17,14,-3
1365,4,Fri,17:45,66,17,14,-3
1366,4,Fri,17:50,66,16,13,-3
1367,4,Fri,17:55,66,16,13,-3
1368,4,Fri,18:00,66,17,14,-3
1369,4,Fri,18:05,66,17,14,-3
1370,4,Fri,18:10,66,18,15,-3
1371,4,Fri,18:15,66,18,15,-3
1372,4,Fri,18:20,66,19,16,-3
1373,4,Fri,18:25,66,19,16,-3
1374,4,Fri,18:30,66,20,17,-3
1375,4,Fri,18:35,66,20,17,-3
1376,4,Fri,18:40,66,21,18,-3
1377,4,Fri,18:45,66,21,18,-3
1378,4,Fri,18:50,66,21,18,-3
1379,4,Fri,18:55,66,22,19,-3
1380,4,Fri,19:00,66,28,25,-3
1381,4,Fri,19:05,66,28,25,-3
1382,4,Fri,19:10,66,28,25,-3
1383,4,Fri,19:15,66,28,25,-3
1384,4,Fri,19:20,66,30,27,-3
1385,4,Fri,19:25,66,31,28,-3
1386,4,Fri,19:30,66,32,29,-3
1387,4,Fri,19:35,66,34,31,-3
1388,4,Fri,19:40,66,35,33,-2
1389,4,Fri,19:45,66,38,36,-2
1390,4,Fri,19:50,66,39,37,-2
1391,4,Fri,19:55,66,42,40,-2
1392,4,Fri,20:00,66,42,40,-2
1393,4,Fri,20:05,66,45,44,-1
1394,4,Fri,20:10,66,50,49,-1
1395,4,Fri,20:15,66,51,50,-1
1396,4,Fri,20:20,66,52,51,-1
1397,4,Fri,20:25,66,52,51,-1
1398,4,Fri,20:30,66,53,52,-1
1399,4,Fri,20:35,66,56,55,-1
1400,4,Fri,20:40,66,58,57,-1
1401,4,Fri,20:45,66,62,61,-1
1402,4,Fri,20:50,66,62,61,-1
1403,4,Fri,20:55,66,64,63,-1
1404,4,Fri,21:00,66,64,64,0
1405,4,Fri,21:05,66,63,63,0
1406,4,Fri,21:10,66,64,64,0
1407,4,Fri,21:15,66,65,65,0
1408,4,Fri,21:20,66,65,65,0
1409,4,Fri,21:25,66,64,64,0
1410,4,Fri,21:30,66,65,65,0
1411,4,Fri,21:35,66,66,66,0
1412,4,Fri,21:40,66,63,64,1
1413,4,Fri,21:45,66,63,64,1
1414,4,Fri,21:50,66,64,64,0
1415,4,Fri,21:55,66,65,65,0
1416,4,Fri,22:00,66,64,64,0
1417,4,Fri,22:05,66,61,61,0
1418,4,Fri,22:10,66,61,61,0
1419,4,Fri,22:15,66,58,58,0
1420,4,Fri,22:20,66,55,55,0
1421,4,Fri,22:25,66,54,53,-1
1422,4,Fri,22:30,66,49,48,-1
1423,4,Fri,22:35,66,47,46,-1
1424,4,Fri,22:40,66,43,42,-1
1425,4,Fri,22:45,66,42,41,-1
1426,4,Fri,22:50,66,40,39,-1
1427,4,Fri,22:55,66,40,39,-1
1428,4,Fri,23:00,66,39,38,-1
1429,4,Fri,23:05,66,39,38,-1
1430,4,Fri,23:10,66,35,34,-1
1431,4,Fri,23:15,66,35,34,-1
1432,4,Fri,23:20,66,31,30,-1
1433,4,Fri,23:25,66,29,28,-1
1434,4,Fri,23:30,66,26,25,-1
1435,4,Fri,23:35,66,26,25,-1
1436,4,Fri,23:40,66,25,24,-1
1437,4,Fri,23:45,66,23,22,-1
1438,4,Fri,23:50,66,20,19,-1
1439,4,Fri,23:55,66,19,18,-1
1440,5,Sat,00:00,66,18,17,-1
1441,5,Sat,00:05,66,18,17,-1
1442,5,Sat,00:10,66,18,16,-2
1443,5,Sat,00:15,66,18,16,-2
1444,5,Sat,00:20,66,19,17,-2
1445,5,Sat,00:25,66,21,20,-1
1446,5,Sat,00:30,66,22,24,2
1447,5,Sat,00:35,66,23,25,2
1448,5,Sat,00:40,66,24,26,2
1449,5,Sat,00:45,66,25,27,2
1450,5,Sat,00:50,66,28,30,2
1451,5,Sat,00:55,66,28,30,2
1452,5,Sat,01:00,66,30,32,2
1453,5,Sat,01:05,66,33,35,2
1454,5,Sat,01:10,66,33,35,2
1455,5,Sat,01:15,66,36,37,1
1456,5,Sat,01:20,66,37,38,1
1457,5,Sat,01:25,66,39,40,1
1458,5,Sat,01:30,66,40,41,1
1459,5,Sat,01:35,66,41,42,1
1460,5,Sat,01:40,66,43,44,1
1461,5,Sat,01:45,66,44,45,1
1462,5,Sat,01:50,66,46,47,1
1463,5,Sat,01:55,66,46,47,1
1464,5,Sat,02:00,66,49,49,0
1465,5,Sat,02:05,66,49,49,0
1466,5,Sat,02:10,66,50,50,0
1467,5,Sat,02:15,66,53,53,0
1468,5,Sat,02:20,66,54,54,0
1469,5,Sat,02:25,66,55,56,1
1470,5,Sat,02:30,66,56,57,1
1471,5,Sat,02:35,66,57,57,0
1472,5,Sat,02:40,66,61,59,-2
1473,5,Sat,02:45,66,62,60,-2
1474,5,Sat,02:50,66,65,64,-1
1475,5,Sat,02:55,66,64,64,0
1476,5,Sat,03:00,66,64,65,1
1477,5,Sat,03:05,66,65,66,1
1478,5,Sat,03:10,66,64,64,0
1479,5,Sat,03:15,66,66,66,0
1480,5,Sat,03:20,66,66,66,0
1481,5,Sat,03:25,66,63,63,0
1482,5,Sat,03:30,66,63,63,0
1483,5,Sat,03:35,66,64,63,-1
1484,5,Sat,03:40,66,65,62,-3
1485,5,Sat,03:45,66,62,59,-3
1486,5,Sat,03:50,66,60,57,-3
1487,5,Sat,03:55,66,61,57,-4
1488,5,Sat,04:00,66,58,54,-4
1489,5,Sat,04:05,66,58,54,-4
1490,5,Sat,04:10,66,58,54,-4
1491,5,Sat,04:15,66,57,53,-4
1492,5,Sat,04:20,66,54,49,-5
1493,5,Sat,04:25,66,53,48,-5
1494,5,Sat,04:30,66,52,47,-5
1495,5,Sat,04:35,66,53,47,-6
1496,5,Sat,04:40,66,50,44,-6
1497,5,Sat,04:45,66,47,41,-6
1498,5,Sat,04:50,66,45,39,-6
1499,5,Sat,04:55,66,42,38,-4
1500,5,Sat,05:00,66,42,38,-4
1501,5,Sat,05:05,66,40,35,-5
1502,5,Sat,05:10,66,38,33,-5
1503,5,Sat,05:15,66,40,35,-5
1504,5,Sat,05:20,66,40,35,-5
1505,5,Sat,05:25,66,39,33,-6
1506,5,Sat,05:30,66,36,30,-6
1507,5,Sat,05:35,66,37,31,-6
1508,5,Sat,05:40,66,35,29,-6
1509,5,Sat,05:45,66,34,28,-6
1510,5,Sat,05:50,66,33,27,-6
1511,5,Sat,05:55,66,31,24,-7
1512,5,Sat,06:00,66,31,24,-7
1513,5,Sat,06:05,66,30,23,-7
1514,5,Sat,06:10,66,29,22,-7
1515,5,Sat,06:15,66,26,19,-7
1516,5,Sat,06:20,66,26,19,-7
1517,5,Sat,06:25,66,22,15,-7
1518,5,Sat,06:30,66,21,14,-7
1519,5,Sat,06:35,66,18,11,-7
1520,5,Sat,06:40,66,16,9,-7
1521,5,Sat,06:45,66,15,8,-7
1522,5,Sat,06:50,66,13,6,-7
1523,5,Sat,06:55,66,13,6,-7
1524,5,Sat,07:00,66,12,5,-7
1525,5,Sat,07:05,66,12,5,-7
1526,5,Sat,07:10,66,13,6,-7
1527,5,Sat,07:15,66,14,7,-7
1528,5,Sat,07:20,66,14,7,-7
1529,5,Sat,07:25,66,13,6,-7
1530,5,Sat,07:30,66,13,6,-7
1531,5,Sat,07:35,66,15,8,-7
1532,5,Sat,07:40,66,15,8,-7
1533,5,Sat,07:45,66,16,9,-7
1534,5,Sat,07:50,66,16,9,-7
1535,5,Sat,07:55,66,17,10,-7
1536,5,Sat,08:00,66,17,10,-7
1537,5,Sat,08:05,66,18,11,-7
1538,5,Sat,08:10,66,18,11,-7
1539,5,Sat,08:15,66,20,13,-7
1540,5,Sat,08:20,66,21,14,-7
1541,5,Sat,08:25,66,22,15,-7
1542,5,Sat,08:30,66,23,16,-7
1543,5,Sat,08:35,66,25,18,-7
1544,5,Sat,08:40,66,25,18,-7
1545,5,Sat,08:45,66,27,20,-7
1546,5,Sat,08:50,66,28,21,-7
1547,5,Sat,08:55,66,32,25,-7
1548,5,Sat,09:00,66,35,28,-7
1549,5,Sat,09:05,66,36,30,-6
1550,5,Sat,09:10,66,37,31,-6
1551,5,Sat,09:15,66,40,34,-6
1552,5,Sat,09:20,66,41,35,-6
1553,5,Sat,09:25,66,43,37,-6
1554,5,Sat,09:30,66,43,37,-6
1555,5,Sat,09:35,66,43,37,-6
1556,5,Sat,09:40,66,44,38,-6
1557,5,Sat,09:45,66,43,37,-6
1558,5,Sat,09:50,66,43,37,-6
1559,5,Sat,09:55,66,42,36,-6
1560,5,Sat,10:00,66,41,35,-6
1561,5,Sat,10:05,66,40,34,-6
1562,5,Sat,10:10,66,40,34,-6
1563,5,Sat,10:15,66,40,34,-6
1564,5,Sat,10:20,66,39,34,-5
1565,5,Sat,10:25,66,35,30,-5
1566,5,Sat,10:30,66,32,27,-5
1567,5,Sat,10:35,66,31,26,-5
1568,5,Sat,10:40,66,32,26,-6
1569,5,Sat,10:45,66,32,27,-5
1570,5,Sat,10:50,66,31,26,-5
1571,5,Sat,10:55,66,30,25,-5
1572,5,Sat,11:00,66,28,23,-5
1573,5,Sat,11:05,66,27,22,-5
1574,5,Sat,11:10,66,27,22,-5
1575,5,Sat,11:15,66,26,21,-5
1576,5,Sat,11:20,66,24,19,-5
1577,5,Sat,11:25,66,23,18,-5
1578,5,Sat,11:30,66,23,18,-5
1579,5,Sat,11:35,66,22,17,-5
1580,5,Sat,11:40,66,21,17,-4
1581,5,Sat,11:45,66,18,14,-4
1582,5,Sat,11:50,66,18,14,-4
1583,5,Sat,11:55,66,17,13,-4
1584,5,Sat,12:00,66,15,11,-4
1585,5,Sat,12:05,66,15,11,-4
1586,5,Sat,12:10,66,14,10,-4
1587,5,Sat,12:15,66,14,10,-4
1588,5,Sat,12:20,66,12,8,-4
1589,5,Sat,12:25,66,13,9,-4
1590,5,Sat,12:30,66,13,9,-4
1591,5,Sat,12:35,66,13,9,-4
1592,5,Sat,12:40,66,13,9,-4
1593,5,Sat,12:45,66,11,7,-4
1594,5,Sat,12:50,66,11,7,-4
1595,5,Sat,12:55,66,11,7,-4
1596,5,Sat,13:00,66,10,6,-4
1597,5,Sat,13:05,66,10,6,-4
1598,5,Sat,13:10,66,10,6,-4
1599,5,Sat,13:15,66,10,6,-4
1600,5,Sat,13:20,66,10,6,-4
1601,5,Sat,13:25,66,9,5,-4
1602,5,Sat,13:30,66,10,6,-4
1603,5,Sat,13:35,66,11,7,-4
1604,5,Sat,13:40,66,11,7,-4
1605,5,Sat,13:45,66,11,7,-4
1606,5,Sat,13:50,66,11,7,-4
1607,5,Sat,13:55,66,11,7,-4
1608,5,Sat,14:00,66,10,6,-4
1609,5,Sat,14:05,66,10,6,-4
1610,5,Sat,14:10,66,10,6,-4
1611,5,Sat,14:15,66,10,6,-4
1612,5,Sat,14:20,66,10,6,-4
1613,5,Sat,14:25,66,11,7,-4
1614,5,Sat,14:30,66,12,8,-4
1615,5,Sat,14:35,66,12,8,-4
1616,5,Sat,14:40,66,12,8,-4
1617,5,Sat,14:45,66,12,8,-4
1618,5,Sat,14:50,66,12,8,-4
1619,5,Sat,14:55,66,12,8,-4
1620,5,Sat,15:00,66,11,7,-4
1621,5,Sat,15:05,66,11,7,-4
1622,5,Sat,15:10,66,11,7,-4
1623,5,Sat,15:15,66,12,8,-4
1624,5,Sat,15:20,66,12,8,-4
1625,5,Sat,15:25,66,14,10,-4
1626,5,Sat,15:30,66,14,10,-4
1627,5,Sat,15:35,66,16,12,-4
1628,5,Sat,15:40,66,17,13,-4
1629,5,Sat,15:45,66,17,13,-4
1630,5,Sat,15:50,66,17,13,-4
1631,5,Sat,15:55,66,17,13,-4
1632,5,Sat,16:00,66,21,17,-4
1633,5,Sat,16:05,66,21,17,-4
1634,5,Sat,16:10,66,23,19,-4
1635,5,Sat,16:15,66,24,20,-4
1636,5,Sat,16:20,66,26,22,-4
1637,5,Sat,16:25,66,27,23,-4
1638,5,Sat,16:30,66,28,24,-4
1639,5,Sat,16:35,66,28,24,-4
1640,5,Sat,16:40,66,28,24,-4
1641,5,Sat,16:45,66,28,24,-4
1642,5,Sat,16:50,66,27,23,-4
1643,5,Sat,16:55,66,25,21,-4
1644,5,Sat,17:00,66,24,20,-4
1645,5,Sat,17:05,66,22,19,-3
1646,5,Sat,17:10,66,22,19,-3
1647,5,Sat,17:15,66,22,19,-3
1648,5,Sat,17:20,66,22,19,-3
1649,5,Sat,17:25,66,20,17,-3
1650,5,Sat,17:30,66,19,16,-3
1651,5,Sat,17:35,66,19,16,-3
1652,5,Sat,17:40,66,15,11,-4
1653,5,Sat,17:45,66,15,11,-4
1654,5,Sat,17:50,66,15,11,-4
1655,5,Sat,17:55,66,15,11,-4
1656,5,Sat,18:00,66,16,12,-4
1657,5,Sat,18:05,66,16,12,-4
1658,5,Sat,18:10,66,16,13,-3
1659,5,Sat,18:15,66,16,13,-3
1660,5,Sat,18:20,66,17,14,-3
1661,5,Sat,18:25,66,17,14,-3
1662,5,Sat,18:30,66,18,14,-4
1663,5,Sat,18:35,66,18,14,-4
1664,5,Sat,18:40,66,18,15,-3
1665,5,Sat,18:45,66,17,14,-3
1666,5,Sat,18:50,66,17,14,-3
1667,5,Sat,18:55,66,18,15,-3
1668,5,Sat,19:00,66,24,21,-3
1669,5,Sat,19:05,66,24,21,-3
1670,5,Sat,19:10,66,25,21,-4
1671,5,Sat,19:15,66,25,21,-4
1672,5,Sat,19:20,66,27,23,-4
1673,5,Sat,19:25,66,28,23,-5
1674,5,Sat,19:30,66,28,23,-5
1675,5,Sat,19:35,66,30,25,-5
1676,5,Sat,19:40,66,33,28,-5
1677,5,Sat,19:45,66,36,31,-5
1678,5,Sat,19:50,66,37,32,-5
1679,5,Sat,19:55,66,39,34,-5
1680,5,Sat,20:00,66,38,34,-4
1681,5,Sat,20:05,66,42,38,-4
1682,5,Sat,20:10,66,45,42,-3
1683,5,Sat,20:15,66,46,43,-3
1684,5,Sat,20:20,66,48,45,-3
1685,5,Sat,20:25,66,49,46,-3
1686,5,Sat,20:30,66,51,49,-2
1687,5,Sat,20:35,66,54,52,-2
1688,5,Sat,20:40,66,56,54,-2
1689,5,Sat,20:45,66,59,58,-1
1690,5,Sat,20:50,66,61,60,-1
1691,5,Sat,20:55,66,63,62,-1
1692,5,Sat,21:00,66,65,64,-1
1693,5,Sat,21:05,66,64,63,-1
1694,5,Sat,21:10,66,65,64,-1
1695,5,Sat,21:15,66,66,65,-1
1696,5,Sat,21:20,66,66,65,-1
1697,5,Sat,21:25,66,65,64,-1
1698,5,Sat,21:30,66,65,64,-1
1699,5,Sat,21:35,66,63,62,-1
1700,5,Sat,21:40,66,63,62,-1
1701,5,Sat,21:45,66,63,62,-1
1702,5,Sat,21:50,66,65,63,-2
1703,5,Sat,21:55,66,66,64,-2
1704,5,Sat,22:00,66,65,63,-2
1705,5,Sat,22:05,66,63,61,-2
1706,5,Sat,22:10,66,63,61,-2
1707,5,Sat,22:15,66,59,57,-2
1708,5,Sat,22:20,66,56,54,-2
1709,5,Sat,22:25,66,56,54,-2
1710,5,Sat,22:30,66,52,50,-2
1711,5,Sat,22:35,66,50,48,-2
1712,5,Sat,22:40,66,46,44,-2
1713,5,Sat,22:45,66,45,43,-2
1714,5,Sat,22:50,66,41,39,-2
1715,5,Sat,22:55,66,41,39,-2
1716,5,Sat,23:00,66,40,38,-2
1717,5,Sat,23:05,66,41,39,-2
1718,5,Sat,23:10,66,37,35,-2
1719,5,Sat,23:15,66,36,34,-2
1720,5,Sat,23:20,66,34,32,-2
1721,5,Sat,23:25,66,32,30,-2
1722,5,Sat,23:30,66,28,26,-2
1723,5,Sat,23:35,66,28,26,-2
1724,5,Sat,23:40,66,27,25,-2
1725,5,Sat,23:45,66,25,23,-2
1726,5,Sat,23:50,66,22,20,-2
1727,5,Sat,23:55,66,21,19,-2
1728,6,Sun,00:00,66,20,18,-2
1729,6,Sun,00:05,66,20,18,-2
1730,6,Sun,00:10,66,20,18,-2
1731,6,Sun,00:15,66,20,18,-2
1732,6,Sun,00:20,66,21,19,-2
1733,6,Sun,00:25,66,24,22,-2
1734,6,Sun,00:30,66,23,23,0
1735,6,Sun,00:35,66,25,25,0
1736,6,Sun,00:40,66,26,26,0
1737,6,Sun,00:45,66,28,28,0
1738,6,Sun,00:50,66,30,30,0
1739,6,Sun,00:55,66,31,31,0
1740,6,Sun,01:00,66,33,32,-1
1741,6,Sun,01:05,66,35,34,-1
1742,6,Sun,01:10,66,35,34,-1
1743,6,Sun,01:15,66,40,38,-2
1744,6,Sun,01:20,66,41,39,-2
1745,6,Sun,01:25,66,43,41,-2
1746,6,Sun,01:30,66,44,42,-2
1747,6,Sun,01:35,66,45,44,-1
1748,6,Sun,01:40,66,46,46,0
1749,6,Sun,01:45,66,47,48,1
1750,6,Sun,01:50,66,48,50,2
1751,6,Sun,01:55,66,48,50,2
1752,6,Sun,02:00,66,50,53,3
1753,6,Sun,02:05,66,50,53,3
1754,6,Sun,02:10,66,51,54,3
1755,6,Sun,02:15,66,53,56,3
1756,6,Sun,02:20,66,55,56,1
1757,6,Sun,02:25,66,55,56,1
1758,6,Sun,02:30,66,56,57,1
1759,6,Sun,02:35,66,57,57,0
1760,6,Sun,02:40,66,59,61,2
1761,6,Sun,02:45,66,60,60,0
1762,6,Sun,02:50,66,66,64,-2
1763,6,Sun,02:55,66,65,64,-1
1764,6,Sun,03:00,66,65,64,-1
1765,6,Sun,03:05,66,66,66,0
1766,6,Sun,03:10,66,66,65,-1
1767,6,Sun,03:15,66,66,66,0
1768,6,Sun,03:20,66,66,66,0
1769,6,Sun,03:25,66,64,62,-2
1770,6,Sun,03:30,66,64,61,-3
1771,6,Sun,03:35,66,64,61,-3
1772,6,Sun,03:40,66,66,62,-4
1773,6,Sun,03:45,66,63,60,-3
1774,6,Sun,03:50,66,62,59,-3
1775,6,Sun,03:55,66,63,60,-3
1776,6,Sun,04:00,66,60,57,-3
1777,6,Sun,04:05,66,62,58,-4
1778,6,Sun,04:10,66,63,59,-4
1779,6,Sun,04:15,66,63,59,-4
1780,6,Sun,04:20,66,60,56,-4
1781,6,Sun,04:25,66,60,56,-4
1782,6,Sun,04:30,66,59,54,-5
1783,6,Sun,04:35,66,60,54,-6
1784,6,Sun,04:40,66,58,51,-7
1785,6,Sun,04:45,66,58,51,-7
1786,6,Sun,04:50,66,56,49,-7
1787,6,Sun,04:55,66,54,46,-8
1788,6,Sun,05:00,66,55,46,-9
1789,6,Sun,05:05,66,52,42,-10
1790,6,Sun,05:10,66,50,40,-10
1791,6,Sun,05:15,66,50,40,-10
1792,6,Sun,05:20,66,50,40,-10
1793,6,Sun,05:25,66,48,38,-10
1794,6,Sun,05:30,66,45,35,-10
1795,6,Sun,05:35,66,46,37,-9
1796,6,Sun,05:40,66,43,35,-8
1797,6,Sun,05:45,66,41,33,-8
1798,6,Sun,05:50,66,39,31,-8
1799,6,Sun,05:55,66,36,29,-7
1800,6,Sun,06:00,66,34,27,-7
1801,6,Sun,06:05,66,33,26,-7
1802,6,Sun,06:10,66,32,25,-7
1803,6,Sun,06:15,66,28,22,-6
1804,6,Sun,06:20,66,28,22,-6
1805,6,Sun,06:25,66,24,18,-6
1806,6,Sun,06:30,66,24,17,-7
1807,6,Sun,06:35,66,21,14,-7
1808,6,Sun,06:40,66,19,13,-6
1809,6,Sun,06:45,66,18,12,-6
1810,6,Sun,06:50,66,17,11,-6
1811,6,Sun,06:55,66,17,11,-6
1812,6,Sun,07:00,66,16,10,-6
1813,6,Sun,07:05,66,16,10,-6
1814,6,Sun,07:10,66,17,11,-6
1815,6,Sun,07:15,66,17,11,-6
1816,6,Sun,07:20,66,17,11,-6
1817,6,Sun,07:25,66,15,9,-6
1818,6,Sun,07:30,66,15,9,-6
1819,6,Sun,07:35,66,16,10,-6
1820,6,Sun,07:40,66,16,10,-6
1821,6,Sun,07:45,66,17,11,-6
1822,6,Sun,07:50,66,17,11,-6
1823,6,Sun,07:55,66,18,12,-6
1824,6,Sun,08:00,66,17,12,-5
1825,6,Sun,08:05,66,18,13,-5
1826,6,Sun,08:10,66,18,13,-5
1827,6,Sun,08:15,66,20,15,-5
1828,6,Sun,08:20,66,21,16,-5
1829,6,Sun,08:25,66,22,17,-5
1830,6,Sun,08:30,66,22,17,-5
1831,6,Sun,08:35,66,24,19,-5
1832,6,Sun,08:40,66,24,19,-5
1833,6,Sun,08:45,66,26,21,-5
1834,6,Sun,08:50,66,27,22,-5
1835,6,Sun,08:55,66,32,27,-5
1836,6,Sun,09:00,66,36,31,-5
1837,6,Sun,09:05,66,38,33,-5
1838,6,Sun,09:10,66,39,34,-5
1839,6,Sun,09:15,66,40,35,-5
1840,6,Sun,09:20,66,41,36,-5
1841,6,Sun,09:25,66,41,36,-5
1842,6,Sun,09:30,66,41,37,-4
1843,6,Sun,09:35,66,41,37,-4
1844,6,Sun,09:40,66,41,37,-4
1845,6,Sun,09:45,66,40,36,-4
1846,6,Sun,09:50,66,40,36,-4
1847,6,Sun,09:55,66,39,35,-4
1848,6,Sun,10:00,66,40,36,-4
1849,6,Sun,10:05,66,40,35,-5
1850,6,Sun,10:10,66,39,35,-4
1851,6,Sun,10:15,66,39,34,-5
1852,6,Sun,10:20,66,39,35,-4
1853,6,Sun,10:25,66,35,31,-4
1854,6,Sun,10:30,66,31,27,-4
1855,6,Sun,10:35,66,31,27,-4
1856,6,Sun,10:40,66,31,27,-4
1857,6,Sun,10:45,66,31,27,-4
1858,6,Sun,10:50,66,30,26,-4
1859,6,Sun,10:55,66,29,25,-4
1860,6,Sun,11:00,66,27,23,-4
1861,6,Sun,11:05,66,26,22,-4
1862,6,Sun,11:10,66,25,21,-4
1863,6,Sun,11:15,66,24,20,-4
1864,6,Sun,11:20,66,22,18,-4
1865,6,Sun,11:25,66,21,17,-4
1866,6,Sun,11:30,66,21,17,-4
1867,6,Sun,11:35,66,20,16,-4
1868,6,Sun,11:40,66,19,15,-4
1869,6,Sun,11:45,66,16,12,-4
1870,6,Sun,11:50,66,16,12,-4
1871,6,Sun,11:55,66,15,11,-4
1872,6,Sun,12:00,66,13,9,-4
1873,6,Sun,12:05,66,13,9,-4
1874,6,Sun,12:10,66,12,8,-4
1875,6,Sun,12:15,66,12,8,-4
1876,6,Sun,12:20,66,10,6,-4
1877,6,Sun,12:25,66,10,7,-3
1878,6,Sun,12:30,66,10,7,-3
1879,6,Sun,12:35,66,10,7,-3
1880,6,Sun,12:40,66,10,7,-3
1881,6,Sun,12:45,66,8,5,-3
1882,6,Sun,12:50,66,8,5,-3
1883,6,Sun,12:55,66,8,5,-3
1884,6,Sun,13:00,66,8,5,-3
1885,6,Sun,13:05,66,8,5,-3
1886,6,Sun,13:10,66,8,5,-3
1887,6,Sun,13:15,66,8,5,-3
1888,6,Sun,13:20,66,8,5,-3
1889,6,Sun,13:25,66,7,4,-3
1890,6,Sun,13:30,66,7,5,-2
1891,6,Sun,13:35,66,8,6,-2
1892,6,Sun,13:40,66,8,6,-2
1893,6,Sun,13:45,66,8,6,-2
1894,6,Sun,13:50,66,8,6,-2
1895,6,Sun,13:55,66,8,6,-2
1896,6,Sun,14:00,66,7,5,-2
1897,6,Sun,14:05,66,7,5,-2
1898,6,Sun,14:10,66,7,5,-2
1899,6,Sun,14:15,66,7,5,-2
1900,6,Sun,14:20,66,7,5,-2
1901,6,Sun,14:25,66,8,6,-2
1902,6,Sun,14:30,66,9,7,-2
1903,6,Sun,14:35,66,9,7,-2
1904,6,Sun,14:40,66,9,7,-2
1905,6,Sun,14:45,66,9,7,-2
1906,6,Sun,14:50,66,9,7,-2
1907,6,Sun,14:55,66,9,7,-2
1908,6,Sun,15:00,66,9,7,-2
1909,6,Sun,15:05,66,9,7,-2
1910,6,Sun,15:10,66,9,7,-2
1911,6,Sun,15:15,66,10,8,-2
1912,6,Sun,15:20,66,10,8,-2
1913,6,Sun,15:25,66,11,9,-2
1914,6,Sun,15:30,66,11,9,-2
1915,6,Sun,15:35,66,12,11,-1
1916,6,Sun,15:40,66,13,12,-1
1917,6,Sun,15:45,66,13,12,-1
1918,6,Sun,15:50,66,13,12,-1
1919,6,Sun,15:55,66,13,12,-1
1920,6,Sun,16:00,66,17,16,-1
1921,6,Sun,16:05,66,17,16,-1
1922,6,Sun,16:10,66,18,18,0
1923,6,Sun,16:15,66,19,19,0
1924,6,Sun,16:20,66,19,20,1
1925,6,Sun,16:25,66,20,21,1
1926,6,Sun,16:30,66,20,21,1
1927,6,Sun,16:35,66,20,21,1
1928,6,Sun,16:40,66,21,21,0
1929,6,Sun,16:45,66,21,21,0
1930,6,Sun,16:50,66,21,21,0
1931,6,Sun,16:55,66,20,20,0
1932,6,Sun,17:00,66,19,19,0
1933,6,Sun,17:05,66,19,19,0
1934,6,Sun,17:10,66,19,19,0
1935,6,Sun,17:15,66,17,18,1
1936,6,Sun,17:20,66,17,18,1
1937,6,Sun,17:25,66,15,16,1
1938,6,Sun,17:30,66,14,15,1
1939,6,Sun,17:35,66,14,15,1
1940,6,Sun,17:40,66,10,11,1
1941,6,Sun,17:45,66,10,11,1
1942,6,Sun,17:50,66,9,11,2
1943,6,Sun,17:55,66,9,11,2
1944,6,Sun,18:00,66,8,10,2
1945,6,Sun,18:05,66,8,10,2
1946,6,Sun,18:10,66,8,11,3
1947,6,Sun,18:15,66,8,11,3
1948,6,Sun,18:20,66,8,11,3
1949,6,Sun,18:25,66,8,11,3
1950,6,Sun,18:30,66,9,12,3
1951,6,Sun,18:35,66,9,12,3
1952,6,Sun,18:40,66,10,13,3
1953,6,Sun,18:45,66,10,13,3
1954,6,Sun,18:50,66,9,12,3
1955,6,Sun,18:55,66,9,13,4
1956,6,Sun,19:00,66,13,19,6
1957,6,Sun,19:05,66,13,19,6
1958,6,Sun,19:10,66,13,19,6
1959,6,Sun,19:15,66,13,19,6
1960,6,Sun,19:20,66,14,21,7
1961,6,Sun,19:25,66,15,21,6
1962,6,Sun,19:30,66,15,21,6
1963,6,Sun,19:35,66,17,23,6
1964,6,Sun,19:40,66,18,24,6
1965,6,Sun,19:45,66,18,25,7
1966,6,Sun,19:50,66,19,25,6
1967,6,Sun,19:55,66,25,31,6
1968,6,Sun,20:00,66,25,31,6
1969,6,Sun,20:05,66,29,35,6
1970,6,Sun,20:10,66,31,36,5
1971,6,Sun,20:15,66,32,37,5
1972,6,Sun,20:20,66,34,38,4
1973,6,Sun,20:25,66,34,38,4
1974,6,Sun,20:30,66,38,41,3
1975,6,Sun,20:35,66,40,43,3
1976,6,Sun,20:40,66,41,44,3
1977,6,Sun,20:45,66,43,45,2
1978,6,Sun,20:50,66,45,46,1
1979,6,Sun,20:55,66,45,46,1
1980,6,Sun,21:00,66,46,47,1
1981,6,Sun,21:05,66,46,47,1
1982,6,Sun,21:10,66,46,47,1
1983,6,Sun,21:15,66,47,48,1
1984,6,Sun,21:20,66,47,48,1
1985,6,Sun,21:25,66,47,48,1
1986,6,Sun,21:30,66,47,48,1
1987,6,Sun,21:35,66,47,48,1
1988,6,Sun,21:40,66,47,48,1
1989,6,Sun,21:45,66,47,48,1
1990,6,Sun,21:50,66,47,48,1
1991,6,Sun,21:55,66,48,49,1
1992,6,Sun,22:00,66,47,48,1
1993,6,Sun,22:05,66,45,46,1
1994,6,Sun,22:10,66,45,46,1
1995,6,Sun,22:15,66,41,42,1
1996,6,Sun,22:20,66,39,39,0
1997,6,Sun,22:25,66,39,39,0
1998,6,Sun,22:30,66,34,34,0
1999,6,Sun,22:35,66,32,32,0
2000,6,Sun,22:40,66,28,28,0
2001,6,Sun,22:45,66,27,27,0
2002,6,Sun,22:50,66,23,23,0
2003,6,Sun,22:55,66,22,22,0
2004,6,Sun,23:00,66,20,20,0
2005,6,Sun,23:05,66,20,20,0
2006,6,Sun,23:10,66,16,16,0
2007,6,Sun,23:15,66,15,15,0
2008,6,Sun,23:20,66,12,12,0
2009,6,Sun,23:25,66,10,10,0
2010,6,Sun,23:30,66,7,7,0
2011,6,Sun,23:35,66,7,7,0
2012,6,Sun,23:40,66,6,6,0
2013,6,Sun,23:45,66,3,3,0
2014,6,Sun,23:50,66,1,1,0
2015,6,Sun,23:55,66,0,0,0
